ZIP,Current,Change
95568,CAMX,NWPP
96039,CAMX,NWPP
96054,CAMX,NWPP
89060,AZNM,NWPP
89001,AZNM,NWPP
86025,AZNM,NWPP
87410,AZNM,NWPP
87312,AZNM,NWPP
88256,ERCT,SPSO
82332,NWPP,RMPA
82323,NWPP,RMPA
82321,NWPP,RMPA
82925,RMPA,NWPP
59025,RMPA,NWPP
59255,NWPP,MROW
58838,NWPP,MROW
58831,NWPP,MROW
57780,MROW,RMPA
69134,RMPA,MROW
69165,RMPA,MROW
69132,RMPA,MROW
69169,RMPA,MROW
69045,RMPA,MROW
69021,RMPA,MROW
51648,SRMW,MROW
51654,SRMW,MROW
51649,SRMW,MROW
51652,SRMW,MROW
51640,SRMW,MROW
51601,SRMW,MROW
51632,SRMW,MROW
51631,SRMW,MROW
51630,SRMW,MROW
51650,SRMW,MROW
51639,SRMW,MROW
51636,SRMW,MROW
64741,SRMW,SPNO
64772,SRMW,SPNO
64744,SRMW,SPNO
64771,SRMW,SPNO
64767,SRMW,SPNO
64784,SRMW,SPNO
64756,SRMW,SPNO
64762,SRMW,SPNO
64759,SRMW,SPNO
64756,SRMW,SPNO
64769,SRMW,SPNO
64832,SRMW,SPNO
64755,SRMW,SPNO
64855,SRMW,SPNO
64748,SRMW,SPNO
64834,SRMW,SPNO
64801,SRMW,SPNO
64870,SRMW,SPNO
64836,SRMW,SPNO
64859,SRMW,SPNO
65682,SRMW,SPNO
49868,MROE,RFCW
49853,MROE,RFCW
70450,SPSO,SRMV
70438,SPSO,SRMV
70427,SPSO,SRMV
70437,SPSO,SRMV
70435,SPSO,SRMV
70431,SPSO,SRMV
70454,SPSO,SRMV
70455,SPSO,SRMV
70420,SPSO,SRMV
70452,SPSO,SRMV
70433,SPSO,SRMV
70445,SPSO,SRMV
70471,SPSO,SRMV
70445,SPSO,SRMV
70460,SPSO,SRMV
70452,SPSO,SRMV
70458,SPSO,SRMV
70461,SPSO,SRMV
38721,SRSO,SRMV
38762,SRSO,SRMV
38774,SRSO,SRMV
38740,SRSO,SRMV
38720,SRSO,SRMV
28716,SRTV,SRVC
28715,SRTV,SRVC
28806,SRTV,SRVC
28704,SRTV,SRVC
28742,SRTV,SRVC
28759,SRTV,SRVC
28732,SRTV,SRVC
30738,SRTV,SRSO
30707,SRTV,SRSO
30736,SRTV,SRSO
30750,SRTV,SRSO
30757,SRTV,SRSO
28733,SRVC,SRTV
28702,SRVC,SRTV
41501,SRTV,RFCW
41568,SRTV,RFCW
41553,SRTV,RFCW
41566,SRTV,RFCW
41548,SRTV,RFCW
41522,SRTV,RFCW
41563,SRTV,RFCW
41537,SRTV,RFCW
41858,SRTV,RFCW
41837,SRTV,RFCW
40826,SRTV,RFCW
40862,SRTV,RFCW
75127,SPSO,ERCT
72327,SRMW,SRMV
72364,SRMW,SRMV
72301,SRMW,SRMV
72376,SRMW,SRMV
38617,SPSO,SRMV
38618,SPSO,SRMV
38621,SPSO,SRMV
38626,SPSO,SRMV
38632,SPSO,SRMV
38637,SPSO,SRMV
38641,SPSO,SRMV
38643,SPSO,SRMV
38645,SPSO,SRMV
38646,SPSO,SRMV
38651,SPSO,SRMV
38664,SPSO,SRMV
38665,SPSO,SRMV
38670,SPSO,SRMV
38676,SPSO,SRMV
38680,SPSO,SRMV
38720,SPSO,SRMV
38737,SPSO,SRMV
38738,SPSO,SRMV
38740,SPSO,SRMV
38746,SPSO,SRMV
38762,SPSO,SRMV
38767,SPSO,SRMV
38774,SPSO,SRMV
38963,SPSO,SRMV
38964,SPSO,SRMV
