55,"City of Aberdeen - (MS)","TVA"
84,"A & N Electric Coop","PJM"
108,"Adams-Columbia Electric Coop","MISO"
123,"City of Adel- (GA)","SOCO"
155,"Agralite Electric Coop","MISO"
162,"Aiken Electric Coop Inc","SC"
176,"Ajo Improvement Co","AZPS"
195,"Alabama Power Co","SOCO"
207,"Alameda Municipal Power","CISO"
213,"Alaska Electric Light & Power Co.","NA"
219,"Alaska Power and Telephone Co","NA"
221,"Alaska Village Elec Coop, Inc","NA"
230,"Albany Utility Board","SOCO"
232,"City of Albemarle - (NC)","DUK"
240,"Albemarle Electric Member Corp","PJM"
241,"Albertville Municipal Utilities Board","TVA"
276,"Alcorn County Elec Power Assn","TVA"
295,"City of Alexandria - (MN)","MISO"
296,"Alfalfa Electric Coop, Inc","SWPP"
298,"City of Alexandria - (LA)","MISO"
305,"Alger-Delta Coop Electric Assn","MISO"
307,"Algoma Utility Comm","MISO"
392,"Alpena Power Co","MISO"
407,"Altamaha Electric Member Corp","SOCO"
416,"City of Altus - (OK)","SWPP"
471,"Amana Society Service Co","MISO"
554,"City of Ames - (IA)","MISO"
562,"Amicalola Electric Member Corp","SOCO"
571,"City of Amory","TVA"
577,"City of Alcoa Utilities","TVA"
590,"City of Anaheim - (CA)","CISO"
604,"City of Andalusia","SOCO"
636,"City of Anderson - (IN)","PJM"
689,"Connexus Energy","MISO"
690,"City of Bardstown - (KY)","LGEE"
691,"City of Anoka","MISO"
719,"Town of Apex- (NC)","CPLE"
727,"Appalachian Electric Coop","TVA"
733,"Appalachian Power Co","PJM"
750,"Arab Electric Coop Inc","TVA"
803,"Arizona Public Service Co","AZPS"
814,"Entergy Arkansas LLC","MISO"
817,"Arkansas Valley Elec Coop Corp","SWPP"
944,"City of Athens - (AL)","TVA"
947,"Athens Utility Board","TVA"
963,"Atlantic City Electric Co","PJM"
994,"City of Auburn - (IN)","PJM"
1009,"City of Austin - (MN)","MISO"
1015,"Austin Energy","ERCO"
1050,"City of Azusa","CISO"
1149,"Baldwin County El Member Corp","SOCO"
1149,"Baldwin County El Member Corp","SOCO"
1149,"Public Service Electric & Gas Co","SOCO"
1149,"Public Service Electric & Gas Co","SOCO"
1167,"Baltimore Gas & Electric Co","PJM"
1169,"Bailey County Elec Coop Assn","SWPP"
1175,"Bandera Electric Coop, Inc","ERCO"
1175,"Bandera Electric Coop, Inc","ERCO"
1175,"Toledo Edison Co (The) [FirstEnergy Corp]","ERCO"
1175,"Toledo Edison Co (The) [FirstEnergy Corp]","ERCO"
1196,"Village of Baraga - (MI)","MISO"
1251,"Barron Electric Coop","MISO"
1273,"Bartlett Electric Coop, Inc","ERCO"
1283,"Bartholomew County Rural E M C","MISO"
1300,"City of Bartow - (FL)","FPC"
1325,"City of Batavia - (IL)","PJM"
1366,"City of Bay City - (MI)","MISO"
1456,"Town of Bedford - (VA)","PJM"
1458,"Beauregard Electric Coop, Inc","MISO"
1529,"Beltrami Electric Coop, Inc","MISO"
1578,"Benton County","TVA"
1579,"PUD No 1 of Benton County","BPAT"
1581,"City of Benton - (AR)","MISO"
1582,"City of Benton - (KY)","TVA"
1586,"City of Bentonville - (AR)","SWPP"
1591,"Big Country Electric Coop, Inc","ERCO"
1613,"Berkeley Electric Coop Inc","SC"
1625,"Benton Rural Electric Assn","BPAT"
1640,"City of Bessemer Utilities","TVA"
1708,"Big Sandy Rural Elec Coop Corp","PJM"
1723,"Big Bend Electric Coop, Inc","BPAT"
1763,"Black River Electric Coop, Inc - (SC)","SC"
1764,"Black Diamond Power Co","PJM"
1769,"Black Hills Electric Coop, Inc","SWPP"
1775,"Black River Electric Coop - (MO)","AECI"
1776,"City of Black River Falls","MISO"
1780,"Black Warrior Elec Member Corp","SOCO"
1857,"Block Island Utility District","ISNE"
1884,"BENCO Electric Cooperative","MISO"
1886,"Blue Grass Energy Coop Corp","PJM"
1889,"Blue Ridge Elec Member Corp - (NC)","DUK"
1890,"Blue Ridge Electric Coop Inc - (SC)","DUK"
1891,"Blue Ridge Mountain EMC - (GA)","TVA"
1892,"Bluebonnet Electric Coop, Inc","ERCO"
1896,"City of Bluffton - (IN)","PJM"
1936,"Bolivar Energy Authority","TVA"
1997,"City of Boscobel - (WI)","MISO"
2001,"Boone Electric Coop","AECI"
2008,"City of Boulder City - (NV)","WALC"
2010,"City of Bountiful","PACE"
2049,"Bowie-Cass Electric Coop, Inc","SWPP"
2054,"City of Bowling Green - (OH)","PJM"
2056,"City of Bowling Green - (KY)","TVA"
2089,"Bozrah Light & Power Company","ISNE"
2144,"Town of Braintree - (MA)","ISNE"
2194,"City of Brenham - (TX)","ERCO"
2212,"Broad River Electric Coop, Inc","DUK"
2247,"City of Bristol - (TN)","TVA"
2248,"Bristol Virginia Utilities","TVA"
2273,"Brodhead Water & Lighting Comm","MISO"
2285,"City of Brookings - (SD)","WACM"
2394,"Burke-Divide Electric Coop Inc","SWPP"
2409,"Brownsville Public Utilities Board","ERCO"
2411,"City of Brownsville","TVA"
2442,"City of Bryan - (TX)","ERCO"
2487,"City of Buford","SOCO"
2502,"Buckeye Rural Elec Coop, Inc","PJM"
2507,"City of Burbank Water and Power","LDWP"
2548,"City of Burlington Electric - (VT)","ISNE"
2643,"Butler Public Power District - (NE)","SWPP"
2651,"Butler Rural Electric Coop Inc - (OH)","PJM"
2652,"Butler County Rural Elec Coop - (IA)","SWPP"
2678,"C & L Electric Coop Corp","MISO"
2774,"CMS Electric Coop Inc","SWPP"
2812,"City of Calhoun - (GA)","SOCO"
2849,"Central Electric Power Assn - (MS)","TVA"
2903,"Canoochee Electric Member Corp","SOCO"
2911,"Canadian Valley Elec Coop, Inc","SWPP"
2960,"Caney Fork Electric Coop, Inc","TVA"
2985,"Capital Electric Coop, Inc","SWPP"
3046,"Duke Energy Progress - (NC)","CPLE"
3075,"Carroll County - (TN)","TVA"
3081,"Carroll Electric Member Corp - (GA)","SOCO"
3093,"Carroll Electric Coop Corp - (AR)","SWPP"
3107,"Carteret-Craven El Member Corp","CPLE"
3108,"City of Cartersville - (GA)","SOCO"
3113,"City of Carthage - (MO)","SWPP"
3203,"Cedar Falls Utilities","MISO"
3205,"Cedar-Knox Public Power Dist","SWPP"
3208,"Cedarburg Light & Water Comm","MISO"
3216,"City of Celina - (OH)","PJM"
3222,"Central Alabama Electric Coop","SOCO"
3226,"Central Rural Electric Cooperative, Inc","AECI"
3236,"Central Electric Coop, Inc - (SD)","WACM"
3240,"Central Electric Coop Inc - (OR)","BPAT"
3245,"Central Florida Elec Coop, Inc","SEC"
3248,"Central Georgia El Member Corp","SOCO"
3249,"Central Hudson Gas & Elec Corp","NYIS"
3250,"Central Electric Membership Corp. - (NC)","CPLE"
3264,"Central Lincoln People's Ut Dt","BPAT"
3265,"Cleco Power LLC","MISO"
3266,"Central Maine Power Co","ISNE"
3268,"Central Missouri Elec Coop Inc","AECI"
3273,"Central New Mexico El Coop, Inc","PNM"
3282,"Central Texas Elec Coop, Inc","ERCO"
3287,"Central Valley Elec Coop, Inc","SWPP"
3291,"Central Virginia Electric Coop","PJM"
3295,"City of Centralia - (WA)","BPAT"
3329,"Borough of Chambersburg","PJM"
3355,"City of Chanute","SWPP"
3400,"City of Chaska - (MN)","MISO"
3408,"City of Chattanooga - (TN)","TVA"
3413,"PUD No 1 of Chelan County","CHPD"
3426,"Cherokee Electric Coop - (AL)","TVA"
3436,"Cherryland Electric Coop Inc","MISO"
3461,"Cheyenne Light Fuel & Power","WACM"
3470,"Cherokee County Elec Coop Assn - (TX)","ERCO"
3475,"City of Chickamauga","TVA"
3477,"City of Chicopee - (MA)","ISNE"
3478,"Cimarron Electric Coop","SWPP"
3502,"Choctawhatche Elec Coop, Inc","SOCO"
3503,"Choptank Electric Cooperative, Inc","PJM"
3522,"Chugach Electric Assn Inc","CEA"
3527,"Choctaw Electric Coop Inc","SWPP"
3542,"Duke Energy Ohio Inc","PJM"
3597,"Citizens Electric Co - (PA)","PJM"
3600,"Citizens Electric Corporation - (MO)","MISO"
3641,"Claiborne Electric Coop, Inc","MISO"
3644,"PUD No 1 of Clallam County","BPAT"
3647,"City of Claremore","SWPP"
3660,"PUD No 1 of Clark County - (WA)","BPAT"
3687,"Clark Energy Coop Inc - (KY)","PJM"
3704,"City of Clarksville - (TN)","TVA"
3705,"Clarksville Connected Utilities","SWPP"
3712,"Clay County Electric Coop Corp - (AR)","MISO"
3755,"Cleveland Electric Illum Co","PJM"
3757,"Clay Electric Cooperative, Inc - (FL)","SEC"
3758,"City of Cleveland - (TN)","TVA"
3762,"City of Cleveland - (OH)","PJM"
3812,"City of Clinton - (TN)","TVA"
3824,"Clyde Light & Power","PJM"
3828,"Cloverland Electric Co-op","MISO"
3841,"Coast Electric Power Assn - (MS)","SOCO"
3843,"Coastal Electric Member Corp - (GA)","SOCO"
3855,"Columbia Power System - (TN)","TVA"
3892,"City of Coffeyville - (KS)","SWPP"
3915,"Coldwater Board of Public Util","MISO"
3916,"Cobb Electric Membership Corp","SOCO"
3931,"Coles-Moultrie Electric Coop","MISO"
3939,"City of College Park - (GA)","SOCO"
3940,"City of College Station - (TX)","ERCO"
3989,"City of Colorado Springs - (CO)","WACM"
4003,"City of Colton - (CA)","CISO"
4041,"Columbia Rural Elec Assn, Inc","BPAT"
4045,"City of Columbia - (MO)","MISO"
4063,"Co-Mo Electric Coop Inc","AECI"
4065,"City of Columbus - (OH)","PJM"
4068,"City of Columbus - (MS)","TVA"
4073,"City of Columbus - (WI)","MISO"
4110,"Commonwealth Edison Co","PJM"
4146,"Concho Valley Elec Coop Inc","ERCO"
4150,"City of Concord - (NC)","DUK"
4153,"Concordia Electric Coop, Inc","MISO"
4160,"Callaway Electric Cooperative","AECI"
4176,"Connecticut Light & Power Co","ISNE"
4226,"Consolidated Edison Co-NY Inc","NYIS"
4237,"Consolidated Electric Coop","AECI"
4247,"Consolidated Water Power Co","MISO"
4254,"Consumers Energy Co - (MI)","MISO"
4262,"Cooke County Elec Coop Assn","ERCO"
4265,"Continental Divide El Coop Inc","PNM"
4280,"Conway Corporation","MISO"
4294,"City of Cookeville - (TN)","TVA"
4295,"Comanche County Elec Coop Assn","ERCO"
4296,"Cookson Hills Elec Coop, Inc","AECI"
4317,"Coos-Curry Electric Coop, Inc","BPAT"
4327,"Coosa Valley Electric Coop Inc","SOCO"
4362,"Corn Belt Energy Corporation","MISO"
4373,"Cornhusker Public Power Dist","SWPP"
4390,"City of Corona - (CA)","CISO"
4401,"Cotton Electric Coop, Inc","SWPP"
4430,"Covington Electric Coop, Inc","SOCO"
4432,"Coweta-Fayette El Member Corp","SOCO"
4433,"City of Covington - (GA)","SOCO"
4437,"City of Covington - (TN)","TVA"
4442,"PUD No 1 of Cowlitz County","BPAT"
4508,"Crawfordsville Elec, Lgt & Pwr","MISO"
4509,"Craighead Electric Coop Corp","MISO"
4524,"Crawford Electric Coop, Inc","AECI"
4538,"Crisp County Power Comm","SOCO"
4577,"Crow Wing Cooperative Power & Light Comp","MISO"
4604,"City of Crystal Falls","MISO"
4607,"City of Cuba City","MISO"
4617,"Cullman Power Board","TVA"
4618,"Cullman Electric Coop, Inc","TVA"
4622,"Cumberland Valley Electric, Inc.","PJM"
4624,"Cumberland Elec Member Corp","TVA"
4671,"Custer Public Power District","SWPP"
4675,"Cuivre River Electric Coop Inc","AECI"
4683,"City of Cuyahoga Falls - (OH)","PJM"
4715,"Dahlberg Light & Power Co","MISO"
4717,"Dakota Valley Elec Coop Inc","MISO"
4720,"Dakota Energy Coop Inc","WACM"
4743,"Consumers Power, Inc","BPAT"
4744,"Dalton Utilities","SOCO"
4794,"City of Danville - (VA)","PJM"
4848,"Daviess Martin County R E M C","MISO"
4911,"Dawson Power District","SWPP"
4920,"City of Dayton - (TN)","TVA"
4922,"Dayton Power & Light Co","PJM"
4939,"Deaf Smith Electric Coop, Inc","SWPP"
4958,"Decatur Utilities","TVA"
4960,"Decatur County Rural E M C","MISO"
4975,"Deep East Texas Elec Coop Inc","MISO"
5027,"Delmarva Power","PJM"
5063,"City of Denton - (TX)","ERCO"
5070,"Delaware Electric Cooperative","PJM"
5078,"Denton County Elec Coop, Inc","ERCO"
5086,"Delta Montrose Electric Assn","WACM"
5109,"DTE Electric Company","MISO"
5148,"City of Dickson","TVA"
5175,"Dixie Electric Power Assn - (MS)","MISO"
5202,"Dixie Electric Membership Corp - (LA)","MISO"
5204,"Dixie Electric Coop - (AL)","SOCO"
5309,"City of Dothan - (AL)","SOCO"
5325,"City of Douglas","SOCO"
5326,"PUD No 1 of Douglas County","DOPD"
5335,"City of Dover - (DE)","PJM"
5336,"City of Dover - (OH)","PJM"
5394,"Dubois Rural Electric Coop Inc","MISO"
5399,"Duck River Elec Member Corp","TVA"
5416,"Duke Energy Carolinas, LLC","DUK"
5417,"Dunn County Electric Coop","MISO"
5480,"Town of Danvers","ISNE"
5487,"Duquesne Light Co","PJM"
5509,"City of Dyersburg","TVA"
5535,"Egyptian Electric Coop Assn","MISO"
5551,"City of Eagle River - (WI)","MISO"
5574,"East Central Energy","MISO"
5578,"East Mississippi Elec Pwr Assn","TVA"
5582,"City of East Point - (GA)","SOCO"
5585,"Eastern Illinois Elec Coop","MISO"
5588,"East-Central Iowa Rural Elec Coop","MISO"
5598,"East Central Oklahoma Elec Coop Inc","AECI"
5605,"Eastern Iowa Light & Power Coop","MISO"
5609,"Eastern Maine Electric Coop","NBSO"
5625,"Easton Utilities Comm","PJM"
5644,"Edisto Electric Coop, Inc","SC"
5656,"Edgecombe-Martin County E M C","PJM"
5661,"City of Edmond - (OK)","SWPP"
5701,"El Paso Electric Co","EPE"
5760,"City of Elizabeth City - (NC)","CPLE"
5763,"City of Elizabethton - (TN)","TVA"
5773,"City of Elk River","MISO"
5780,"Elkhorn Rural Public Pwr Dist","SWPP"
5832,"Elmhurst Mutual Power & Light Co","BPAT"
5860,"Empire District Electric Co","SWPP"
5862,"Empire Electric Assn, Inc","WACM"
5905,"Excelsior Electric Member Corp","SOCO"
5929,"Fairfield Electric Coop, Inc","SC"
5930,"Village of Fairport - (NY)","NYIS"
5961,"Town of Erwin - (TN)","TVA"
5969,"City of Escondido - (CA)","CISO"
6008,"City of Etowah","TVA"
6022,"City of Eugene - (OR)","BPAT"
6043,"City of Evansville","MISO"
6149,"City of Ellensburg - (WA)","BPAT"
6169,"Fall River Rural Elec Coop Inc","BPAT"
6181,"Farmers Electric Coop, Inc - (MO)","AECI"
6182,"Farmers Electric Coop, Inc - (TX)","ERCO"
6183,"Fayette Electric Coop, Inc","ERCO"
6194,"Farmers Rural Electric Coop Corp - (KY)","PJM"
6198,"Farmers Electric Coop, Inc - (NM)","SWPP"
6204,"City of Farmington - (NM)","WACM"
6205,"City of Farmington - (MO)","MISO"
6234,"City of Fayetteville","TVA"
6235,"Fayetteville Public Works Commission","CPLE"
6258,"Federated Rural Electric Assn","MISO"
6342,"First Electric Coop Corp","MISO"
6369,"Fishers Island Utility Co Inc","ISNE"
6374,"Fitchburg Gas & Elec Light Co","ISNE"
6395,"Flathead Electric Coop Inc","BPAT"
6411,"Flint Electric Membership Corp","SOCO"
6422,"City of Florence - (AL)","TVA"
6424,"Florence Utility Comm","MISO"
6427,"City of Floresville","ERCO"
6442,"Fleming-Mason Energy Coop Inc","PJM"
6443,"Florida Keys El Coop Assn, Inc","FPL"
6452,"Florida Power & Light Co","FPL"
6455,"Duke Energy Florida, LLC","FPC"
6457,"Florida Public Utilities Co","JEA"
6491,"Foley Board of Utilities","SOCO"
6582,"City of Forest Grove","BPAT"
6604,"City of Fort Collins - (CO)","PSCO"
6608,"Fort Loudoun Electric Coop","TVA"
6610,"City of Fort Morgan","PSCO"
6612,"Fort Payne Improvement Authority","TVA"
6616,"Fort Pierce Utilities Authority","FMPP"
6638,"City of Fountain","PSCO"
6640,"Four County Elec Member Corp","CPLE"
6641,"4-County Electric Power Assn","TVA"
6707,"City of Frankfort - (IN)","MISO"
6708,"City of Frankfort - (KY)","LGEE"
6709,"Easley Combined Utility System","DUK"
6716,"PUD No 1 of Franklin County","BPAT"
6717,"Franklin Electric Coop - (AL)","TVA"
6718,"City of Franklin - (KY)","TVA"
6775,"Village of Freeport - (NY)","NYIS"
6779,"City of Fremont - (NE)","SWPP"
6782,"Freeborn Mower Electric Cooperative","MISO"
6840,"City of Fulton - (KY)","TVA"
6894,"City of Gaffney - (SC)","DUK"
6909,"Gainesville Regional Utilities","GVL"
6923,"City of Gallatin - (TN)","TVA"
6941,"City of Garden City","SWPP"
6958,"City of Garland - (TX)","ERCO"
7024,"Gascosage Electric Coop","AECI"
7027,"City of Gastonia - (NC)","DUK"
7090,"GreyStone Power Corporation","SOCO"
7096,"City of Geneva- (IL)","PJM"
7129,"City of Georgetown - (TX)","ERCO"
7140,"Georgia Power Co","SOCO"
7174,"Gibson Electric Members Corp","TVA"
7222,"City of Gillette - (WY)","WAUW"
7264,"Glades Electric Coop, Inc","SEC"
7265,"City of Gladstone","MISO"
7270,"City of Glasgow - (KY)","TVA"
7294,"City of Glendale - (CA)","LDWP"
7353,"Golden Valley Elec Assn Inc","NA"
7450,"Grady Electric Membership Corp","SOCO"
7483,"City of Grand Haven - (MI)","MISO"
7548,"PUD No 1 of Grays Harbor County","BPAT"
7558,"Grayson Rural Electric Coop Corp","PJM"
7559,"Grayson-Collin Elec Coop, Inc","ERCO"
7561,"Greenbelt Electric Coop, Inc","ERCO"
7563,"Grand Valley Power","PSCO"
7601,"Green Mountain Power Corp","ISNE"
7625,"City of Greeneville - (TN)","TVA"
7627,"City of Greenfield - (IN)","MISO"
7634,"City of Greenville - (TX)","ERCO"
7639,"Greenville Utilities Comm","CPLE"
7646,"Greenwood CPW","DUK"
7651,"Greenwood Utilities Comm","MISO"
7654,"Greer Commission of Public Wks","DUK"
7679,"City of Griffin - (GA)","SOCO"
7716,"Groton Dept of Utilities - (CT)","ISNE"
7752,"Guadalupe Valley Elec Coop Inc","ERCO"
7785,"Gulf Coast Electric Coop, Inc","SOCO"
7827,"Guntersville Electric Board","TVA"
7887,"Habersham Electric Membership Corp","SOCO"
7891,"Guernsey-Muskingum El Coop Inc","PJM"
7908,"Hagerstown Light Department","PJM"
7977,"City of Hamilton - (OH)","PJM"
7979,"Hamilton County Elec Coop Assn","ERCO"
8000,"NineStar Connect","MISO"
8034,"Hancock-Wood Electric Coop Inc","PJM"
8055,"City of Hannibal - (MO)","MISO"
8147,"City of Harriman - (TN)","TVA"
8179,"Harrison County Rural E M C","MISO"
8198,"City of Harrisonburg - (VA)","PJM"
8210,"Hart Electric Member Corp","SOCO"
8212,"Hartford Electric","MISO"
8226,"City of Hartselle","TVA"
8245,"City of Hastings - (NE)","SWPP"
8287,"Hawaii Electric Light Co Inc","NA"
8319,"Heartland Power Coop","MISO"
8333,"Haywood Electric Member Corp","DUK"
8447,"Hendricks County Rural E M C","MISO"
8449,"Henderson City Utility Comm","MISO"
8548,"City of Hickman","TVA"
8566,"High Plains Power Inc","WACM"
8570,"Highline Electric Assn","WACM"
8571,"Town of High Point","DUK"
8620,"HILCO Electric Cooperative, Inc.","ERCO"
8699,"Inland Power & Light Company","BPAT"
8723,"City of Holland","MISO"
8748,"City of Holly Springs","TVA"
8761,"Holmes-Wayne Electric Coop Inc","PJM"
8764,"Holston Electric Coop, Inc","TVA"
8773,"Holy Cross Electric Assn, Inc","PSCO"
8774,"City of Holyoke - (MA)","ISNE"
8786,"Horry Electric Coop Inc","SC"
8795,"City of Homestead - (FL)","HST"
8840,"City of Hope - (AR)","MISO"
8846,"City of Hopkinsville","TVA"
8883,"Houlton Water Company","NBSO"
8884,"Terrebonne Parish Consol Gov't","MISO"
8898,"Houston County Elec Coop Inc","ERCO"
8934,"Howell-Oregon Elec Coop, Inc","AECI"
8973,"Town of Hudson - (MA)","ISNE"
9023,"City of Humboldt","TVA"
9087,"Town of Huntersville - (NC)","DUK"
9094,"City of Huntsville - (AL)","TVA"
9096,"City of Lafayette - (LA)","MISO"
9124,"Hustisford Utilities","MISO"
9130,"Hutchinson Utilities Comm","MISO"
9187,"City of Idaho Falls - (ID)","PACE"
9191,"Idaho Power Co","IPCO"
9216,"Imperial Irrigation District","IID"
9230,"City of Independence - (IA)","MISO"
9231,"City of Independence - (MO)","SWPP"
9246,"Indian Electric Coop, Inc","SWPP"
9273,"AES Indiana","MISO"
9292,"Inter County Energy Coop Corp - (KY)","PJM"
9324,"Indiana Michigan Power Co","PJM"
9331,"Intercounty Electric Coop Assn - (MO)","AECI"
9336,"CORE Electric Cooperative","PSCO"
9417,"Interstate Power and Light Co","MISO"
9425,"Iowa Lakes Electric Coop","SWPP"
9431,"Irwin Electric Membership Corp","SOCO"
9475,"Itasca-Mantrap Co-op Electrical Assn","MISO"
9575,"Jackson Energy Coop Corp - (KY)","PJM"
9576,"Jackson County Rural E M C - (IN)","MISO"
9590,"Jackson Electric Coop, Inc - (TX)","ERCO"
9601,"Jackson Electric Member Corp - (GA)","SOCO"
9605,"Jackson Purchase Energy Corporation","MISO"
9612,"City of Jackson - (TN)","TVA"
9613,"City of Lebanon - (IN)","MISO"
9616,"Beaches Energy Services","FPL"
9617,"JEA","JEA"
9645,"Jamestown Board of Public Util","NYIS"
9665,"Jasper County Rural E M C","MISO"
9667,"City of Jasper - (IN)","MISO"
9668,"Jasper-Newton Elec Coop, Inc","MISO"
9682,"Jefferson Davis Elec Coop, Inc","MISO"
9689,"Jefferson Electric Member Corp","SOCO"
9690,"Jefferson Utilities","MISO"
9697,"City of Jellico","TVA"
9699,"Jemez Mountains Elec Coop, Inc","WALC"
9726,"Jersey Central Power & Lt Co","PJM"
9739,"Joe Wheeler Elec Member Corp","TVA"
9750,"Jo-Carroll Energy, Inc","MISO"
9777,"Johnson City - (TN)","TVA"
9778,"Johnson County Rural E M C","MISO"
9837,"Jones-Onslow Elec Member Corp","CPLE"
9879,"City Water and Light Plant","MISO"
9936,"Juneau Utility Comm","MISO"
9964,"Kenergy Corp","MISO"
9996,"City of Kansas City - (KS)","SWPP"
9999,"Kankakee Valley Rural E M C","MISO"
10000,"Evergy Metro","SWPP"
10005,"Evergy Kansas South, Inc","SWPP"
10009,"Karnes Electric Coop Inc","ERCO"
10012,"Kay Electric Coop","SWPP"
10019,"FreeState Electric Coop","SWPP"
10056,"City of Kaukauna","MISO"
10066,"K C Electric Association","WACM"
10071,"Kauai Island Utility Cooperative","NA"
10170,"Kiamichi Electric Coop, Inc","AECI"
10171,"Kentucky Utilities Co","LGEE"
10210,"Ketchikan Public Utilities","NA"
10226,"Utility Board of the City of Key West, F","FMPP"
10331,"Kingsport Power Co","PJM"
10345,"City of Kinston - (NC)","CPLE"
10370,"City of Kirkwood - (MO)","MISO"
10376,"Kissimmee Utility Authority","FMPP"
10378,"Kit Carson Electric Coop, Inc","PNM"
10393,"PUD No 1 of Klickitat County","BPAT"
10421,"Knoxville Utilities Board","TVA"
10433,"Kodiak Electric Assn Inc","NA"
10448,"Kosciusko County Rural E M C","MISO"
10451,"Kotzebue Electric Assn Inc","NA"
10454,"Kootenai Electric Cooperative","AVA"
10508,"Village of L'Anse - (MI)","MISO"
10539,"La Plata Electric Assn, Inc","WACM"
10579,"City of LaFollette","TVA"
10585,"City of La Grange - (GA)","SOCO"
10596,"City of Lake Crystal - (MN)","MISO"
10599,"Lake Region Electric Coop, Inc - (OK)","AECI"
10603,"Laclede Electric Coop, Inc","AECI"
10605,"Lake Mills Light & Water","MISO"
10618,"Lake Region Electric Cooperative - (MN)","MISO"
10620,"City of Lake Worth Beach - (FL)","FMPP"
10623,"City of Lakeland - (FL)","FMPP"
10624,"Southern Rivers Energy","SOCO"
10625,"Lamb County Electric Coop, Inc","SWPP"
10627,"Lakeview Light & Power","BPAT"
10649,"Lamar County Elec Coop Assn","ERCO"
10668,"Licking Rural Electric Inc","PJM"
10681,"Lane Electric Coop Inc","BPAT"
10697,"Lake Country Power","MISO"
10704,"City of Lansing - (MI)","MISO"
10768,"Laurens Electric Coop, Inc","DUK"
10799,"City of Lawrenceburg","TVA"
10800,"City of Lawrenceville - (GA)","SOCO"
10817,"Lea County Electric Coop, Inc - (NM)","SWPP"
10830,"City of Lebanon - (OH)","PJM"
10832,"City of Lebanon - (MO)","AECI"
10857,"Lee County Electric Coop, Inc - (FL)","FPL"
10868,"City of Leesburg - (FL)","FPC"
10879,"Lehi City Corporation","PACE"
10906,"City of Lenoir - (TN)","TVA"
10944,"PUD No 1 of Lewis County","BPAT"
10960,"City of Lewisburg - (TN)","TVA"
10966,"City of Lexington - (NC)","DUK"
10967,"City of Lexington - (NE)","SWPP"
10968,"City of Lexington - (TN)","TVA"
11011,"Licking Valley Rural E C C","PJM"
11014,"Lighthouse Electric Coop, Inc","ERCO"
11018,"Lincoln Electric System","SWPP"
11053,"Linn County REC","MISO"
11085,"Town of Littleton - (MA)","ISNE"
11118,"Lockhart Power Co","DUK"
11124,"City of Lodi - (CA)","CISO"
11125,"City of Lodi - (WI)","MISO"
11135,"City of Logan - (UT)","PACE"
11142,"City of Logansport - (IN)","MISO"
11171,"Long Island Power Authority","NYIS"
11187,"City of Longmont","PSCO"
11200,"Lorain-Medina R E C, Inc","PJM"
11204,"Los Alamos County","PNM"
11208,"Los Angeles Department of Water & Power","LDWP"
11222,"Loudon Utilities Board","TVA"
11241,"Entergy Louisiana LLC","MISO"
11247,"Louisville Electric System","TVA"
11249,"Louisville Gas & Electric Co","LGEE"
11251,"Loup River Public Power Dist","SWPP"
11256,"City of Loveland - (CO)","PSCO"
11273,"Lower Valley Energy Inc","BPAT"
11291,"Lumbee River Elec Member Corp","CPLE"
11318,"City of Lumberton - (NC)","CPLE"
11355,"Lynches River Elec Coop, Inc","SC"
11364,"Lyntegar Electric Coop, Inc","SWPP"
11458,"City of Macon - (MS)","TVA"
11463,"Macon Electric Coop","AECI"
11475,"City of Madison - (SD)","MISO"
11477,"Town of Madison - (ME)","ISNE"
11479,"Madison Gas & Electric Co","MISO"
11488,"Madisonville Municipal Utils","LGEE"
11501,"Magic Valley Electric Coop Inc","ERCO"
11519,"Magnolia Electric Power Assn","MISO"
11560,"City of Manassas - (VA)","PJM"
11571,"Manitowoc Public Utilities","MISO"
11586,"Town of Mansfield - (MA)","ISNE"
11611,"City of Maquoketa - (IA)","MISO"
11646,"City of Marietta - (GA)","SOCO"
11701,"City of Marquette - (MI)","MISO"
11714,"Marshall-De Kalb Electric Coop","TVA"
11731,"City of Marshall - (MN)","MISO"
11740,"City of Marshfield - (WI)","MISO"
11788,"Consumers Energy Coop - (IA)","MISO"
11789,"Maryville Utilities","TVA"
11804,"Massachusetts Electric Co","ISNE"
11811,"Town of Massena - (NY)","NYIS"
11824,"Matanuska Electric Assn Inc","NA"
11843,"Maui Electric Co Ltd","NA"
11871,"City of Mayfield Plant Board","TVA"
12087,"McKenzie Electric Coop Inc","SWPP"
12090,"McLean Electric Coop, Inc","MISO"
12186,"McMinnville Electric System","TVA"
12187,"City of McMinnville - (OR)","BPAT"
12208,"City of McPherson - (KS)","SWPP"
12227,"Meeker Coop Light & Power Assn","MISO"
12243,"Meade County Rural E C C","MISO"
12260,"Mecklenburg Electric Cooperative","PJM"
12268,"Medina Electric Coop, Inc","ERCO"
12293,"City of Memphis - (TN)","TVA"
12298,"City of Menasha - (WI)","MISO"
12301,"Nodak Electric Coop Inc","MISO"
12312,"Merced Irrigation District","CISO"
12330,"Meriwether Lewis Electric Coop","TVA"
12341,"MidAmerican Energy Co","MISO"
12351,"City of Mesa - (AZ)","WALC"
12377,"Midwest Energy Cooperative - (MI)","PJM"
12390,"Metropolitan Edison Co","PJM"
12395,"Menard Electric Coop","MISO"
12439,"Midstate Electric Coop, Inc","BPAT"
12450,"Midland Power Coop","MISO"
12452,"Mid-South Electric Coop Assn","ERCO"
12462,"Mid-Carolina Electric Coop Inc","SC"
12470,"Middle Tennessee E M C","TVA"
12473,"Town of Middleborough - (MA)","ISNE"
12478,"Town of Middletown - (DE)","PJM"
12515,"Midwest Electric, Inc - (OH)","PJM"
12524,"Midwest Energy Inc - (KS)","SWPP"
12532,"City of Milan - (TN)","TVA"
12539,"Midwest Electric Member Corp - (NE)","WACM"
12540,"City of Milford - (DE)","PJM"
12546,"Mille Lacs Energy Cooperative","MISO"
12642,"Maquoketa Valley Rrl Elec Coop","MISO"
12647,"ALLETE, Inc.","MISO"
12651,"Minnesota Valley Electric Coop","MISO"
12674,"City of Mishawaka","PJM"
12681,"Mississippi County Electric Co","MISO"
12685,"Entergy Mississippi LLC","MISO"
12686,"Mississippi Power Co","SOCO"
12692,"Missoula Electric Coop, Inc","BPAT"
12698,"Evergy Missouri West","SWPP"
12700,"Missouri Rural Electric Coop","AECI"
12706,"Mitchell Electric Member Corp","SOCO"
12744,"Modern Electric Water Company","AVA"
12745,"Modesto Irrigation District","BANC"
12782,"City of Monett - (MO)","SWPP"
12796,"Monongahela Power Co","PJM"
12801,"City of Monroe - (NC)","DUK"
12825,"NorthWestern Energy LLC - (MT)","NWMT"
12860,"Morgan County Rural Elec Assn","WACM"
12866,"Moon Lake Electric Assn Inc","WACM"
12894,"City of Moorhead - (MN)","SWPP"
12919,"Morenci Water and Electric","WALC"
12929,"South Central Indiana REMC","MISO"
12944,"City of Morganton - (NC)","DUK"
12988,"City of Morristown - (TN)","TVA"
12990,"Consolidated Cooperative","PJM"
13027,"Mountain Electric Coop, Inc","TVA"
13032,"Mt Carmel Public Utility Co","MISO"
13036,"Village of Mt. Horeb - (WI)","MISO"
13039,"City of Mt Pleasant - (TN)","TVA"
13050,"Mountain Parks Electric, Inc","WACM"
13058,"Mountain View Elec Assn, Inc","WACM"
13073,"Mt Wheeler Power, Inc","NEVP"
13137,"City of Murray - (UT)","PACE"
13138,"City of Murray - (KY)","TVA"
13143,"Board of Water Electric & Communications","MISO"
13144,"City of Muscle Shoals","TVA"
13145,"Village of Muscoda - (WI)","MISO"
13196,"Northern Plains Electric Coop","MISO"
13206,"Nantucket Electric Co","ISNE"
13208,"City of Naperville - (IL)","PJM"
13214,"The Narragansett Electric Co","ISNE"
13216,"Nashville Electric Service","TVA"
13227,"Natchez Trace Elec Power Assn","TVA"
13228,"City of Natchitoches","MISO"
13292,"Norris Electric Coop","MISO"
13314,"Navajo Tribal Utility Authority","PACE"
13318,"Navopache Electric Coop, Inc","TEPC"
13332,"Navarro County Elec Coop, Inc","ERCO"
13337,"Nebraska Public Power District","SWPP"
13352,"City of Negaunee","MISO"
13407,"Nevada Power Co","NEVP"
13412,"City of New Albany - (MS)","TVA"
13416,"City of New Bern - (NC)","CPLE"
13418,"City of New Braunfels - (TX)","ERCO"
13437,"City of Newbern","TVA"
13438,"Village of New Glarus - (WI)","MISO"
13441,"New Hampshire Elec Coop Inc","ISNE"
13448,"City of New Holstein - (WI)","MISO"
13467,"New London Electric&Water Util","MISO"
13478,"Entergy New Orleans, LLC","MISO"
13481,"City of New Richmond","MISO"
13482,"New River Light & Power Co","DUK"
13485,"New Smyrna Beach City of","FPL"
13511,"New York State Elec & Gas Corp","NYIS"
13519,"City of Newark - (DE)","PJM"
13520,"New-Mac Electric Coop, Inc","AECI"
13523,"City of Newberry - (SC)","DUK"
13524,"Newberry Electric Coop, Inc","SC"
13547,"Newnan Wtr, Sewer & Light Comm","SOCO"
13550,"City of Newport - (TN)","TVA"
13573,"Niagara Mohawk Power Corp.","NYIS"
13602,"City of Niles - (OH)","PJM"
13640,"Northern Virginia Elec Coop","PJM"
13647,"Noble County R E M C","PJM"
13651,"Nolin Rural Electric Coop Corp","PJM"
13664,"Norris Public Power District","SWPP"
13669,"North Alabama Electric Coop","TVA"
13676,"North Arkansas Elec Coop, Inc","MISO"
13679,"Town of North Attleborough - (MA)","ISNE"
13693,"North Central Elec Coop, Inc - (OH)","PJM"
13694,"North Central Elec Coop, Inc - (ND)","MISO"
13697,"North Central Power Co Inc","MISO"
13716,"North Georgia Elec Member Corp","TVA"
13718,"City of North Little Rock - (AR)","MISO"
13725,"City of North Platte","SWPP"
13734,"Northeast Oklahoma Electric Co","SWPP"
13735,"Northcentral Mississippi E P A","TVA"
13739,"Northeast Power","SWPP"
13750,"Northern Electric Coop, Inc","SWPP"
13756,"Northern Indiana Pub Serv Co","MISO"
13757,"North Plains Electric Coop Inc","SWPP"
13758,"Northern Lights, Inc","BPAT"
13762,"Northern Neck Elec Coop, Inc","PJM"
13780,"Northern States Power Co","MISO"
13781,"Northern States Power Co - Minnesota","MISO"
13783,"Northeast Louisiana Power Coop Inc.","MISO"
13788,"Northern Wasco County PUD","BPAT"
13799,"Prairie Land Electric Coop Inc","SWPP"
13807,"Northwestern Electric Coop Inc - (OK)","SWPP"
13815,"Northwestern Wisconsin Elec Co","MISO"
13826,"City of Norway","MISO"
13830,"Nueces Electric Cooperative","ERCO"
13831,"City of Norwich - (CT)","ISNE"
13839,"City of Norwood - (MA)","ISNE"
13933,"City of Oak Ridge","TVA"
13936,"Oakdale Electric Coop","MISO"
13955,"City of Ocala","FMPP"
13962,"Oconee Electric Member Corp","SOCO"
13963,"Oconomowoc Utilities","MISO"
13965,"Oconto Falls Water & Light Comm","MISO"
13998,"Ohio Edison Co","PJM"
14006,"Ohio Power Co","PJM"
14055,"PUD No 1 of Okanogan County","DOPD"
14062,"Oklahoma Electric Coop Inc","SWPP"
14063,"Oklahoma Gas & Electric Co","SWPP"
14078,"City of Okolona","TVA"
14109,"Oregon Trail El Cons Coop, Inc","BPAT"
14127,"Omaha Public Power District","SWPP"
14146,"City of Opelika - (AL)","SOCO"
14154,"Orange & Rockland Utils Inc","NYIS"
14164,"City of Orangeburg - (SC)","SCEG"
14170,"Orcas Power & Light Coop","BPAT"
14175,"Tri-County Electric Coop, Inc (SC)","SC"
14192,"Osage Valley Elec Coop Assn","AECI"
14194,"City of Orrville - (OH)","PJM"
14224,"Otero County Electric Coop Inc","PNM"
14232,"Otter Tail Power Co","MISO"
14238,"Ouachita Electric Coop Corp","MISO"
14245,"Overton Power District No 5","NEVP"
14246,"City of Owatonna - (MN)","MISO"
14251,"Owen Electric Coop Inc","PJM"
14268,"City of Owensboro - (KY)","LGEE"
14275,"City of Oxford - (MS)","TVA"
14285,"Ozark Border Electric Coop","AECI"
14288,"Ozark Electric Coop Inc - (MO)","AECI"
14289,"Ozarks Electric Coop Corp - (AR)","SWPP"
14324,"PUD No 2 of Pacific County","BPAT"
14328,"Pacific Gas & Electric Co","CISO"
14328,"Pacific Gas & Electric Co","CISO"
14328,"Pacific Gas & Electric Co.","CISO"
14328,"Pacific Gas & Electric Co.","CISO"
14371,"City of Paducah - (KY)","TVA"
14381,"City of Painesville","PJM"
14398,"Palmetto Electric Coop Inc","SC"
14401,"City of Palo Alto - (CA)","CISO"
14424,"Panola-Harrison Elec Coop, Inc","SWPP"
14446,"Paragould Light & Water Comm","SPA"
14455,"City of Paris - (TN)","TVA"
14468,"People's Cooperative Services","MISO"
14534,"City of Pasadena - (CA)","CISO"
14537,"Pascoag Utility District","ISNE"
14563,"Pearl River Valley El Pwr Assn","MISO"
14599,"Paulding-Putman Elec Coop, Inc","PJM"
14602,"Pea River Electric Coop","SOCO"
14605,"City of Peabody - (MA)","ISNE"
14606,"Peace River Electric Coop, Inc","SEC"
14610,"Orlando Utilities Comm","FMPP"
14624,"PUD No 2 of Grant County","GCPD"
14626,"Pedernales Electric Coop, Inc","ERCO"
14649,"Planters Electric Member Corp","SOCO"
14653,"PUD No 1 of Pend Oreille County","AVA"
14668,"Peninsula Light Company","BPAT"
14711,"Pennsylvania Electric Co","PJM"
14715,"PPL Electric Utilities Corp","PJM"
14716,"Pennsylvania Power Co","PJM"
14717,"Pee Dee Electric Member Corp","CPLE"
14724,"Pennyrile Rural Electric Coop","TVA"
14775,"People's Electric Cooperative","SWPP"
14839,"City of Peru - (IN)","MISO"
14840,"City of Peru - (IL)","MISO"
14864,"Petit Jean Electric Coop Corp","MISO"
14940,"PECO Energy Co","PJM"
14947,"City of Philadelphia - (MS)","TVA"
15016,"Pickwick Electric Coop","TVA"
15023,"Piedmont Electric Member Corp","DUK"
15040,"City of Pierre - (SD)","SWPP"
15045,"Pike County Light & Power Co","NYIS"
15048,"Electrical Dist No2 Pinal County","WALC"
15054,"Pioneer Rural Elec Coop, Inc - (OH)","PJM"
15073,"Pioneer Electric Coop, Inc - (KS)","SWPP"
15086,"Pioneer Power and Light Co","MISO"
15095,"City of Piqua - (OH)","PJM"
15138,"Platte-Clay Electric Coop, Inc","AECI"
15141,"Plateau Electric Cooperative","TVA"
15145,"City of Plattsburgh - (NY)","NYIS"
15159,"City of Plymouth - (WI)","MISO"
15175,"Pointe Coupee Elec Member Corp","MISO"
15202,"City of Ponca City - (OK)","SWPP"
15211,"Pontotoc Electric Power Assn","TVA"
15229,"City of Poplar Bluff - (MO)","SPA"
15231,"City of Port Angeles - (WA)","BPAT"
15248,"Portland General Electric Co","PGE"
15257,"Poudre Valley REA, Inc","WACM"
15263,"The Potomac Edison Company","PJM"
15270,"Potomac Electric Power Co","PJM"
15291,"Prairie Energy Coop","SWPP"
15293,"Powell Valley Electric Coop","TVA"
15312,"Village of Prairie Du Sac - (WI)","MISO"
15334,"Prentiss County Elec Pwr Assn","TVA"
15340,"Presque Isle Elec & Gas Coop","MISO"
15344,"Polk-Burnett Electric Coop","MISO"
15349,"City of Preston","MISO"
15410,"Prince George Electric Coop","PJM"
15419,"PUD No 3 of Mason County","BPAT"
15444,"Provo City Corp","PACE"
15466,"Public Service Co of Colorado","PSCO"
15470,"Duke Energy Indiana, LLC","MISO"
15472,"Public Service Co of NH","ISNE"
15473,"Public Service Co of NM","PNM"
15474,"Public Service Co of Oklahoma","SWPP"
15477,"Public Service Elec & Gas Co","PJM"
15500,"Puget Sound Energy Inc","PSEI"
15507,"City of Pulaski - (TN)","TVA"
15671,"Randolph Electric Member Corp","CPLE"
15700,"Rayle Electric Membership Corp","SOCO"
15746,"Red River Valley Rrl Elec Assn","SWPP"
15748,"Town of Reading - (MA)","ISNE"
15776,"Central Florida Tourism Oversight District","FPC"
15783,"City of Redding - (CA)","BANC"
15804,"Reedsburg Utility Comm","MISO"
15847,"Reliant Energy Retail Services","ERCO"
15978,"City of Richland Center - (WI)","MISO"
15979,"City of Richland - (WA)","BPAT"
15989,"City of Richmond - (IN)","PJM"
16060,"Riverland Energy Cooperative","MISO"
16063,"Rita Blanca Electric Coop, Inc","SWPP"
16082,"City of River Falls","MISO"
16088,"City of Riverside - (CA)","CISO"
16101,"Roanoke Electric Member Corp","PJM"
16146,"Navasota Valley Elec Coop, Inc","ERCO"
16179,"Rochelle Municipal Utilities","PJM"
16181,"Rochester Public Utilities","MISO"
16183,"Rochester Gas & Electric Corp","NYIS"
16195,"City of Rock Hill - (SC)","DUK"
16196,"Rock Energy Cooperative","MISO"
16223,"City of Rockwood - (TN)","TVA"
16226,"City of Rocky Mount - (NC)","CPLE"
16259,"City of Rolla - (MO)","MISO"
16286,"Rosebud Electric Coop Inc","SWPP"
16295,"City of Roseville - (CA)","BANC"
16368,"Runestone Electric Assn","MISO"
16382,"Rural Electric Coop, Inc - (OK)","SWPP"
16458,"City of Russellville - (AL)","TVA"
16459,"City of Russellville - (KY)","TVA"
16461,"Rusk County Electric Coop, Inc","SWPP"
16463,"City of Ruston - (LA)","MISO"
16496,"Rutherford Elec Member Corp","DUK"
16534,"Sacramento Municipal Util Dist","BANC"
16555,"Salem Electric - (OR)","BPAT"
16558,"City of Salem - (VA)","PJM"
16565,"Salmon River Electric Coop Inc","IPCO"
16572,"Salt River Project","SRP"
16587,"Salt River Electric Coop Corp","PJM"
16603,"San Luis Valley R E C, Inc","WACM"
16604,"City of San Antonio - (TX)","ERCO"
16606,"Santee Electric Coop, Inc","SC"
16609,"San Diego Gas & Electric Co","CISO"
16611,"Access Energy Coop","AECI"
16612,"City & County of San Francisco","CISO"
16613,"Sam Houston Electric Coop Inc","MISO"
16616,"San Isabel Electric Assn, Inc","WACM"
16622,"San Miguel Power Assn, Inc","WACM"
16627,"San Patricio Electric Coop Inc","ERCO"
16629,"Sand Mountain Electric Coop","TVA"
16637,"City of Sandersville - (GA)","SOCO"
16638,"San Bernard Electric Coop, Inc","ERCO"
16655,"City of Santa Clara - (CA)","CISO"
16674,"Satilla Rural Elec Member Corporation","SOCO"
16740,"Scenic Rivers Energy Coop","MISO"
16751,"Three Rivers Electric Coop","AECI"
16805,"SEMO Electric Cooperative","AECI"
16829,"City of Scottsboro - (AL)","TVA"
16865,"Sawnee Electric Membership Corporation","SOCO"
16868,"City of Seattle - (WA)","SCL"
16900,"City of Seguin - (TX)","ERCO"
16930,"Sequachee Valley Electric Coop","TVA"
16949,"Sevier County Electric System","TVA"
16971,"Shakopee Public Utilities Comm","MISO"
17011,"Shawano Municipal Utilities","MISO"
17033,"Sheffield Utilities","TVA"
17038,"RushShelby Energy","MISO"
17040,"Shelby Electric Coop, Inc - (IL)","MISO"
17044,"Shelby Energy Coop, Inc - (KY)","PJM"
17047,"City of Shelbyville - (TN)","TVA"
17066,"Shenandoah Valley Elec Coop","PJM"
17127,"Town of Shrewsbury - (MA)","ISNE"
17166,"Sierra Pacific Power Co","NEVP"
17177,"City of Sikeston - (MO)","SPA"
17184,"City of Siloam Springs - (AR)","SWPP"
17260,"North West Rural Electric Coop","SWPP"
17261,"Slope Electric Coop Inc","SWPP"
17267,"Sioux Valley SW Elec Coop","SWPP"
17324,"Slinger Utilities","MISO"
17452,"City of Smithville - (TN)","TVA"
17470,"PUD No 1 of Snohomish County","BPAT"
17512,"Village of Solvay - (NY)","NYIS"
17534,"South Alabama Elec Coop, Inc","SOCO"
17539,"Dominion Energy South Carolina, Inc","SCEG"
17540,"South Central Ark El Coop, Inc","MISO"
17543,"South Carolina Public Service Authority","SC"
17550,"South Central Electric Assn","MISO"
17564,"South Kentucky Rural E C C","PJM"
17565,"South Louisiana Elec Coop Assn","MISO"
17572,"South River Elec Member Corp","CPLE"
17577,"City of South Sioux City","SWPP"
17585,"Southeastern IL Elec Coop, Inc","MISO"
17592,"Southeast Colorado Power Assn","WACM"
17599,"Southeastern Indiana R E M C","MISO"
17603,"Southeastern Electric Coop Inc - (OK)","SWPP"
17609,"Southern California Edison Co","CISO"
17612,"Bear Valley Electric Service","CISO"
17633,"Southern Indiana Gas & Elec Co","MISO"
17637,"Southern Maryland Elec Coop Inc","PJM"
17642,"Southern Public Power District","SWPP"
17646,"Southern Pine Elec Coop, Inc","SOCO"
17647,"Southern Pine Electric Cooperative","MISO"
17671,"Southwest Arkansas E C C","MISO"
17683,"Southwest Mississippi E P A","MISO"
17684,"Southwest Louisiana E M C","MISO"
17692,"Southwest Public Power Dist","SWPP"
17693,"Southwest Texas Elec Coop, Inc","ERCO"
17694,"Southwest Tennessee E M C","TVA"
17697,"Southwestern Electric Coop Inc - (IL)","MISO"
17698,"Southwestern Electric Power Co","SWPP"
17715,"Southwestern Electric Coop Inc - (NM)","PNM"
17718,"Southwestern Public Service Co","SWPP"
17732,"Spanish Fork City Corporation","PACE"
17740,"City of Sparta","TVA"
17826,"Springer Electric Coop, Inc","PNM"
17828,"City of Springfield - (IL)","MISO"
17829,"City of Springfield - (TN)","TVA"
17832,"Snapping Shoals El Member Corp","SOCO"
17833,"City Utilities of Springfield - (MO)","SWPP"
17839,"City of Springfield - (OR)","BPAT"
17845,"City of Springville - (UT)","PACE"
17860,"City of St Charles - (IL)","PJM"
17874,"City of St George","PACE"
17891,"City of St Marys - (OH)","PJM"
17896,"City of Shasta Lake - (CA)","BANC"
18006,"City of Starkville","TVA"
18019,"Stearns Cooperative Elec Assn","MISO"
18022,"City of Statesville - (NC)","DUK"
18047,"Steele-Waseca Cooperative Electric","MISO"
18085,"South Central Power Company","PJM"
18087,"Town of Sterling - (MA)","ISNE"
18125,"Stillwater Utilities Authority","SWPP"
18181,"City of Stoughton - (WI)","MISO"
18203,"Tallapoosa River Elec Coop Inc","SOCO"
18206,"Strawberry Electric Serv Dist","PACE"
18249,"City of Sturgeon Bay - (WI)","MISO"
18252,"City of Sturgis - (MI)","PJM"
18260,"Surprise Valley Electrification","PACW"
18280,"Sulphur Springs Valley E C Inc","WALC"
18304,"Sumter Electric Coop, Inc","SEC"
18305,"Sumter Electric Member Corp","SOCO"
18312,"Sun Prairie Utilities","MISO"
18336,"Superior Water and Light Co","MISO"
18339,"Surry-Yadkin Elec Member Corp","DUK"
18360,"Suwannee Valley Elec Coop Inc","SEC"
18384,"City of Sweetwater","TVA"
18397,"City of Sylvania - (GA)","SOCO"
18429,"City of Tacoma - (WA)","TPWR"
18445,"City of Tallahassee - (FL)","TAL"
18447,"Tallahatchie Valley E P A","TVA"
18449,"Talquin Electric Coop, Inc","SEC"
18454,"Tampa Electric Co","TEC"
18466,"Town of Tarboro - (NC)","CPLE"
18472,"City of Tarrant","TVA"
18488,"City of Taunton","ISNE"
18498,"Taylor County Rural E C C","PJM"
18499,"Three Notch Elec Member Corp","SEPA"
18642,"Tennessee Valley Authority","TVA"
18643,"Tennessee Valley Electric Coop","TVA"
18848,"City of Thomasville - (GA)","SOCO"
18917,"Tillamook Peoples Utility Dist","BPAT"
18940,"Tipmont Rural Elec Member Corp","MISO"
18943,"Tippah Electric Power Assn","TVA"
18951,"Tishomingo County E P A","TVA"
18955,"Tri-County Electric Coop, Inc (IL)","MISO"
18956,"Tri-County Elec Member Corp (GA)","SOCO"
18957,"Tri-County Elec Member Corp (NC)","CPLE"
18976,"Trinity Valley Elec Coop Inc","ERCO"
18997,"The Toledo Edison Co","PJM"
19007,"Tombigbee Electric Power Assn","TVA"
19108,"Tideland Electric Member Corp","PJM"
19125,"City of Traverse City - (MI)","MISO"
19149,"City of Trenton - (TN)","TVA"
19154,"Tri-State Electric Member Corp","TVA"
19156,"Powder River Energy Corp","WACM"
19157,"MiEnergy Cooperative","MISO"
19159,"Tri-County Electric Coop, Inc (TX)","ERCO"
19160,"Tri-County Electric Coop, Inc (OK)","SWPP"
19161,"Tri-County Electric Coop, Inc (FL)","SEC"
19162,"Tri-County Elec Member Corp (TN)","TVA"
19189,"Trico Electric Cooperative Inc","WALC"
19219,"Diverse Power Incorporated","SOCO"
19225,"City of Troy - (AL)","SOCO"
19266,"Tullahoma Board-Public Utils","TVA"
19273,"City of Tupelo - (MS)","TVA"
19281,"Turlock Irrigation District","TIDC"
19293,"Southeastern Electric Coop Inc - (SD)","SWPP"
19307,"City of Tuscumbia","TVA"
19324,"Two Rivers Water & Light","MISO"
19325,"Umatilla Electric Coop Assn","BPAT"
19327,"TXU Energy Retail Co, LLC","ERCO"
19390,"UGI Utilities, Inc","PJM"
19396,"Tri-County Electric Coop (MI)","MISO"
19430,"City of Union City","TVA"
19435,"Union Electric Membership Corp - (NC)","DUK"
19436,"Union Electric Co - (MO)","MISO"
19445,"Southern Indiana R E C, Inc","MISO"
19446,"Duke Energy Kentucky","PJM"
19490,"United Electric Coop Service Inc - (TX)","ERCO"
19497,"United Illuminating Co","ISNE"
19499,"United Power, Inc","WACM"
19501,"Union Rural Electric Coop, Inc","PJM"
19502,"United Electric Co-op, Inc - (ID)","BPAT"
19545,"Black Hills Power, Inc.","WACM"
19547,"Hawaiian Electric Co Inc","HECO"
19558,"Homer Electric Assn Inc","NA"
19574,"Upper Cumberland E M C","TVA"
19578,"Upper Peninsula Power Company","MISO"
19579,"Upshur Rural Elec Coop Corp","SWPP"
19603,"USBIA-Mission Valley Power","NWMT"
19604,"USBIA-San Carlos Project","WALC"
19667,"Utilities Dist-Western IN REMC","MISO"
19728,"UNS Electric, Inc","TEPC"
19784,"Vera Irrigation District #15","BPAT"
19785,"Verdigris Valley Elec Coop Inc","AECI"
19790,"Verendrye Electric Coop Inc","MISO"
19791,"Vermont Electric Cooperative, Inc","ISNE"
19798,"City of Vernon","CISO"
19806,"Victoria Electric Coop, Inc","ERCO"
19820,"Victory Electric Coop Assn Inc","SWPP"
19840,"Valley Electric Assn, Inc","NEVP"
19856,"City of Vineland - (NJ)","PJM"
19876,"Virginia Electric & Power Co","PJM"
19882,"Virginia Tech Electric Service","PJM"
19896,"City of Volga - (SD)","SWPP"
19898,"Volunteer Electric Coop","TVA"
19951,"City of Wadsworth - (OH)","PJM"
19981,"Wake Electric Membership Corp","CPLE"
20038,"Town of Wallingford - (CT)","ISNE"
20065,"Walton Electric Member Corp","SOCO"
20077,"City of Wapakoneta - (OH)","PJM"
20130,"Warren Rural Elec Coop Corp","TVA"
20140,"City of Washington - (GA)","SOCO"
20142,"City of Washington - (NC)","CPLE"
20146,"Washington Elec Member Corp","SOCO"
20151,"Washington Electric Coop - (VT)","ISNE"
20169,"Avista Corp","AVA"
20176,"City of Water Valley - (MS)","TVA"
20182,"Waterloo Light & Water Comm","MISO"
20187,"Watertown Municipal Utilities","SWPP"
20211,"Village of Waunakee - (WI)","MISO"
20213,"Waupun Utilities","MISO"
20216,"Whitewater Valley Rural EMC","MISO"
20222,"Wayne-White Counties Elec Coop","MISO"
20228,"Weakley County Mun Elec Sys","TVA"
20230,"Weatherford Mun Utility System","ERCO"
20310,"Town of Wellesley - (MA)","ISNE"
20318,"Webster Electric Coop","AECI"
20332,"Wells Rural Electric Co","NEVP"
20334,"Wellsborough Electric Co","PJM"
20363,"West Central Electric Coop Inc - (MO)","AECI"
20371,"West Florida El Coop Assn, Inc","SOCO"
20377,"West Kentucky Rural E C C","TVA"
20382,"City of West Memphis - (AR)","AECI"
20387,"West Penn Power Company","PJM"
20394,"City of West Point - (MS)","TVA"
20401,"West River Electric Assn Inc","SWPP"
20413,"Mountrail-Williams Elec Coop","SWPP"
20434,"City of Westby","MISO"
20472,"Wharton County Elec Coop, Inc","ERCO"
20476,"Western Coop Electric Assn Inc","SWPP"
20477,"City of Westerville - (OH)","PJM"
20481,"City of Westfield - (MA)","ISNE"
20510,"Wheatland Electric Coop, Inc","SWPP"
20521,"Wheeling Power Co","PJM"
20574,"White River Valley El Coop Inc","AECI"
20576,"White River Electric Assn, Inc","WACM"
20583,"Whitehall Electric Utility","MISO"
20603,"Northeastern Rural E M C","PJM"
20639,"Wild Rice Electric Coop, Inc","MISO"
20737,"Willmar Municipal Utilities","MISO"
20785,"City of Wilson - (NC)","CPLE"
20793,"City of Winchester - (TN)","TVA"
20813,"City of Winfield - (KS)","SWPP"
20841,"Wiregrass Electric Coop, Inc","SOCO"
20847,"Wisconsin Electric Power Co","MISO"
20856,"Wisconsin Power & Light Co","MISO"
20860,"Wisconsin Public Service Corp","MISO"
20862,"Wisconsin Rapids W W & L Comm","MISO"
20885,"Withlacoochee River Elec Coop","SEC"
20927,"Wood County Electric Coop, Inc","SWPP"
20948,"Wise Electric Coop Inc","ERCO"
20963,"Woodruff Electric Coop Corp","MISO"
20996,"Wright-Hennepin Coop Elec Assn","MISO"
20997,"Yellowstone Valley Elec Co-op","WAUW"
21002,"York Electric Coop Inc","DUK"
21013,"City of Worthington - (MN)","MISO"
21048,"Wyandotte Municipal Serv Comm","MISO"
21075,"Y-W Electric Assn Inc","WACM"
21081,"Yampa Valley Electric Assn Inc","PSCO"
21111,"Perennial Public Power Dist","SWPP"
21114,"Yazoo Valley Elec Power Assn","MISO"
21158,"City of Zeeland - (MI)","MISO"
21244,"Southside Electric Coop, Inc","PJM"
21513,"Fergus Electric Coop, Inc","WAUW"
21538,"Mohave Electric Cooperative, Inc.","WALC"
21567,"Washington-St Tammany E C, Inc","MISO"
21632,"EnergyUnited Elec Member Corp","DUK"
22053,"Kentucky Power Co","PJM"
22500,"Evergy Kansas Central, Inc","SWPP"
22690,"Roosevelt County Elec Coop Inc","SWPP"
22814,"Raft Rural Elec Coop Inc","BPAT"
22815,"Delta Electric Power Assn","MISO"
22822,"Clark County Rural E M C - (IN)","MISO"
24211,"Tucson Electric Power Co","TEPC"
24590,"Unitil Energy Systems","ISNE"
24753,"Boone County Rural EMC","MISO"
24889,"Brunswick Electric Member Corp","CPLE"
24949,"Cass County Elec Coop Inc","MISO"
25177,"Dakota Electric Association","MISO"
25295,"Western Indiana Energy REMC","MISO"
25866,"Ak-Chin Electric Utility Authority","AZPS"
26510,"Liberty Utilities (Granite State Electri","ISNE"
27058,"High West Energy, Inc","WACM"
27222,"City of Ripley - (TN)","TVA"
27238,"Southwest Electric Coop, Inc","AECI"
27369,"Taylor Electric Coop Inc - (TX)","ERCO"
27599,"Carroll-White REMC","MISO"
28541,"Clatskanie Peoples Util Dist","BPAT"
28604,"Kerrville Public Utility Board","ERCO"
28978,"City of San Marcos - (TX)","ERCO"
30518,"Electrical Dist No3 Pinal County","AZPS"
31833,"Okefenoke Rural El Member Corp","SOCO"
38084,"Great Lakes Energy Coop","MISO"
40036,"Westfield Electric Company","MISO"
40127,"Clarke-Washington E M C","SOCO"
40165,"Dixie Escalante R E A, Inc","PACE"
40166,"Chickasaw Electric Coop, Inc","TVA"
40167,"Somerset Rural Elec Coop, Inc","PJM"
40212,"Colquitt Electric Membership Corp","SOCO"
40220,"Adams Electric Cooperative Inc","PJM"
40221,"Bedford Rural Elec Coop, Inc","PJM"
40222,"Valley Rural Electric Coop Inc","PJM"
40224,"Central Electric Coop, Inc - (PA)","PJM"
40228,"Rappahannock Electric Coop","PJM"
40236,"Forked Deer Electric Coop, Inc","TVA"
40289,"Claverack Rural Elec Coop Inc","PJM"
40290,"Tri-County Rural Elec Coop Inc (PA)","PJM"
40292,"REA Energy Coop Inc","PJM"
40293,"Northwestern Rural E C A, Inc - (PA)","PJM"
40302,"North East Mississippi EPA","TVA"
40303,"Monroe County Elec Power Assn","TVA"
40304,"Minnesota Valley Coop L&P Assn","MISO"
40364,"City of Courtland","TVA"
40437,"Emerald People's Utility Dist","PACW"
40438,"Columbia River Peoples Ut Dist","BPAT"
40441,"Town of Murphy - (NC)","TVA"
40606,"City of Grand Island - (NE)","SWPP"
49998,"City of Berea Municipal Utility","LGEE"
54913,"NSTAR Electric Company","ISNE"
55787,"City of Moreno Valley - (CA)","CISO"
55937,"Entergy Texas Inc.","MISO"
55959,"Roughrider Electric Cooperativ","SWPP"
55982,"Heart of Texas Electric Coop","ERCO"
56146,"Black Hills Colorado Electric, LLC","PSCO"
56697,"Ameren Illinois Company","MISO"
57483,"Liberty Utilities","CISO"
