zip,state,FirstOfeiaid,FirstOfutility_name,Subregion
84031,UT,14354,PacifiCorp,NWPP
84002,UT,12866,Moon Lake Electric Assn Inc,NWPP
84053,UT,12866,Moon Lake Electric Assn Inc,NWPP
69337,NE,13805,Northwest Rural Pub Pwr Dist,RMPA
96058,CA,14354,PacifiCorp,NWPP
73007,OK,14063,Oklahoma Gas & Electric Co,SPSO
73013,OK,14063,Oklahoma Gas & Electric Co,SPSO
73027,OK,14063,Oklahoma Gas & Electric Co,SPSO
73028,OK,3478,Cimarron Electric Coop,SPSO
73034,OK,3478,Cimarron Electric Coop,SPSO
73044,OK,3478,Cimarron Electric Coop,SPSO
73049,OK,14063,Oklahoma Gas & Electric Co,SPSO
73056,OK,3478,Cimarron Electric Coop,SPSO
73058,OK,14063,Oklahoma Gas & Electric Co,SPSO
73061,OK,9246,"Indian Electric Coop, Inc",SPSO
73063,OK,14063,Oklahoma Gas & Electric Co,SPSO
73073,OK,14063,Oklahoma Gas & Electric Co,SPSO
73077,OK,9246,"Indian Electric Coop, Inc",SPSO
73625,OK,15474,Public Service Co of Oklahoma,SPSO
73639,OK,15474,Public Service Co of Oklahoma,SPSO
73730,OK,3478,Cimarron Electric Coop,SPSO
73757,OK,10012,Kay Electric Coop,SPSO
73840,OK,14063,Oklahoma Gas & Electric Co,SPSO
73841,OK,14063,Oklahoma Gas & Electric Co,SPSO
73843,OK,14063,Oklahoma Gas & Electric Co,SPSO
73853,OK,14063,Oklahoma Gas & Electric Co,SPSO
73857,OK,14063,Oklahoma Gas & Electric Co,SPSO
73858,OK,14063,Oklahoma Gas & Electric Co,SPSO
73859,OK,14063,Oklahoma Gas & Electric Co,SPSO
74008,OK,14063,Oklahoma Gas & Electric Co,SPSO
74011,OK,14063,Oklahoma Gas & Electric Co,SPSO
74012,OK,15474,Public Service Co of Oklahoma,SPSO
74014,OK,14063,Oklahoma Gas & Electric Co,SPSO
74015,OK,15474,Public Service Co of Oklahoma,SPSO
74030,OK,9246,"Indian Electric Coop, Inc",SPSO
74032,OK,9246,"Indian Electric Coop, Inc",SPSO
74033,OK,14063,Oklahoma Gas & Electric Co,SPSO
74036,OK,13734,Northeast Oklahoma Electric Co,SPSO
74037,OK,15474,Public Service Co of Oklahoma,SPSO
74039,OK,9246,"Indian Electric Coop, Inc",SPSO
74041,OK,14063,Oklahoma Gas & Electric Co,SPSO
74047,OK,14063,Oklahoma Gas & Electric Co,SPSO
74058,OK,9246,"Indian Electric Coop, Inc",SPSO
74059,OK,14063,Oklahoma Gas & Electric Co,SPSO
74062,OK,14063,Oklahoma Gas & Electric Co,SPSO
74066,OK,9246,"Indian Electric Coop, Inc",SPSO
74074,OK,14063,Oklahoma Gas & Electric Co,SPSO
74075,OK,14063,Oklahoma Gas & Electric Co,SPSO
74077,OK,14063,Oklahoma Gas & Electric Co,SPSO
74085,OK,9246,"Indian Electric Coop, Inc",SPSO
74137,OK,15474,Public Service Co of Oklahoma,SPSO
74333,OK,13734,Northeast Oklahoma Electric Co,SPSO
74337,OK,13734,Northeast Oklahoma Electric Co,SPSO
74343,OK,13734,Northeast Oklahoma Electric Co,SPSO
74346,OK,13734,Northeast Oklahoma Electric Co,SPSO
74347,OK,13734,Northeast Oklahoma Electric Co,SPSO
74352,OK,13734,Northeast Oklahoma Electric Co,SPSO
74359,OK,13734,Northeast Oklahoma Electric Co,SPSO
74363,OK,13734,Northeast Oklahoma Electric Co,SPSO
74364,OK,13734,Northeast Oklahoma Electric Co,SPSO
74369,OK,13734,Northeast Oklahoma Electric Co,SPSO
74370,OK,13734,Northeast Oklahoma Electric Co,SPSO
74401,OK,14063,Oklahoma Gas & Electric Co,SPSO
74403,OK,14063,Oklahoma Gas & Electric Co,SPSO
74421,OK,14063,Oklahoma Gas & Electric Co,SPSO
74422,OK,14063,Oklahoma Gas & Electric Co,SPSO
74423,OK,14063,Oklahoma Gas & Electric Co,SPSO
74426,OK,14063,Oklahoma Gas & Electric Co,SPSO
74428,OK,14063,Oklahoma Gas & Electric Co,SPSO
74429,OK,14063,Oklahoma Gas & Electric Co,SPSO
74434,OK,14063,Oklahoma Gas & Electric Co,SPSO
74435,OK,14063,Oklahoma Gas & Electric Co,SPSO
74436,OK,14063,Oklahoma Gas & Electric Co,SPSO
74441,OK,14063,Oklahoma Gas & Electric Co,SPSO
74445,OK,14063,Oklahoma Gas & Electric Co,SPSO
74447,OK,14063,Oklahoma Gas & Electric Co,SPSO
74450,OK,14063,Oklahoma Gas & Electric Co,SPSO
74452,OK,13734,Northeast Oklahoma Electric Co,SPSO
74454,OK,14063,Oklahoma Gas & Electric Co,SPSO
74455,OK,14063,Oklahoma Gas & Electric Co,SPSO
74457,OK,14289,Ozarks Electric Coop Corp - (AR),SPSO
74458,OK,15474,Public Service Co of Oklahoma,SPSO
74464,OK,13734,Northeast Oklahoma Electric Co,SPSO
74467,OK,13734,Northeast Oklahoma Electric Co,SPSO
74469,OK,14063,Oklahoma Gas & Electric Co,SPSO
74470,OK,14063,Oklahoma Gas & Electric Co,SPSO
74471,OK,14289,Ozarks Electric Coop Corp - (AR),SPSO
74472,OK,14063,Oklahoma Gas & Electric Co,SPSO
74502,OK,15474,Public Service Co of Oklahoma,SPSO
74538,OK,14775,People's Electric Cooperative,SPSO
74545,OK,15474,Public Service Co of Oklahoma,SPSO
74552,OK,15474,Public Service Co of Oklahoma,SPSO
74561,OK,14063,Oklahoma Gas & Electric Co,SPSO
74563,OK,15474,Public Service Co of Oklahoma,SPSO
74565,OK,15474,Public Service Co of Oklahoma,SPSO
74570,OK,14775,People's Electric Cooperative,SPSO
74651,OK,9246,"Indian Electric Coop, Inc",SPSO
74824,OK,14063,Oklahoma Gas & Electric Co,SPSO
74832,OK,14063,Oklahoma Gas & Electric Co,SPSO
74875,OK,14063,Oklahoma Gas & Electric Co,SPSO
74902,OK,14063,Oklahoma Gas & Electric Co,SPSO
74930,OK,14063,Oklahoma Gas & Electric Co,SPSO
74931,OK,14289,Ozarks Electric Coop Corp - (AR),SPSO
74932,OK,14063,Oklahoma Gas & Electric Co,SPSO
74936,OK,14063,Oklahoma Gas & Electric Co,SPSO
74937,OK,14063,Oklahoma Gas & Electric Co,SPSO
74939,OK,3527,Choctaw Electric Coop Inc,SPSO
74940,OK,14063,Oklahoma Gas & Electric Co,SPSO
74941,OK,14063,Oklahoma Gas & Electric Co,SPSO
74944,OK,14063,Oklahoma Gas & Electric Co,SPSO
74948,OK,14063,Oklahoma Gas & Electric Co,SPSO
74953,OK,14063,Oklahoma Gas & Electric Co,SPSO
74954,OK,14063,Oklahoma Gas & Electric Co,SPSO
74956,OK,14063,Oklahoma Gas & Electric Co,SPSO
74959,OK,14063,Oklahoma Gas & Electric Co,SPSO
74960,OK,14289,Ozarks Electric Coop Corp - (AR),SPSO
74962,OK,14063,Oklahoma Gas & Electric Co,SPSO
69358,NE,21079,Wyrulec Company,RMPA
69352,NE,21079,Wyrulec Company,RMPA
69162,NE,8570,Highline Electric Assn,RMPA
38958,MS,12685,Entergy Mississippi Inc,SRMV
38950,MS,18642,Tennessee Valley Authority,SRTV
38947,MS,22815,Delta Electric Power Assn,SRSO
70633,LA,1458,"Beauregard Electric Coop, Inc",SRMV
70639,LA,1458,"Beauregard Electric Coop, Inc",SRMV
71461,LA,1458,"Beauregard Electric Coop, Inc",SRMV
71801,AR,814,Entergy Arkansas Inc,SRMV
71862,AR,17671,Southwest Arkansas E C C,SRMV
63764,MO,16805,SEMO Electric Cooperative,SRMW
65757,MO,27238,"Southwest Electric Coop, Inc",SRMW
65802,MO,14288,Ozark Electric Coop Inc - (MO),SRMW
65807,MO,14288,Ozark Electric Coop Inc - (MO),SRMW
65804,MO,20318,Webster Electric Coop,SRMW
65810,MO,14288,Ozark Electric Coop Inc - (MO),SRMW
65619,MO,14288,Ozark Electric Coop Inc - (MO),SRMW
65721,MO,20318,Webster Electric Coop,SRMW
65753,MO,20318,Webster Electric Coop,SRMW
65653,MO,20574,White River Valley El Coop Inc,SRMW
65740,MO,20574,White River Valley El Coop Inc,SRMW
65731,MO,20574,White River Valley El Coop Inc,SRMW
65679,MO,20574,White River Valley El Coop Inc,SRMW
73844,OK,19160,"Tri-County Electric Coop, Inc",SPSO
73848,OK,19160,"Tri-County Electric Coop, Inc",SPSO
86036,AZ,6957,"Garkane Energy Coop, Inc",NWPP
86022,AZ,6957,"Garkane Energy Coop, Inc",NWPP
00033,CA,57483,Liberty Utilities,CAMX
15811,AR,15811,"Rich Mountain Elec Coop, Inc",SRMV
71456,LA,17698,Southwestern Electric Power Co,SPSO
38701,MS,12685,Entergy Mississippi Inc,SRMV
38703,MS,12685,Entergy Mississippi Inc,SRMV
38725,MS,12685,Entergy Mississippi Inc,SRMV
38726,MS,12685,Entergy Mississippi Inc,SRMV
38730,MS,12685,Entergy Mississippi Inc,SRMV
38732,MS,12685,Entergy Mississippi Inc,SRMV
38736,MS,12685,Entergy Mississippi Inc,SRMV
38748,MS,12685,Entergy Mississippi Inc,SRMV
38751,MS,12685,Entergy Mississippi Inc,SRMV
38753,MS,12685,Entergy Mississippi Inc,SRMV
38754,MS,12685,Entergy Mississippi Inc,SRMV
38756,MS,12685,Entergy Mississippi Inc,SRMV
38759,MS,12685,Entergy Mississippi Inc,SRMV
38761,MS,12685,Entergy Mississippi Inc,SRMV
38771,MS,12685,Entergy Mississippi Inc,SRMV
38778,MS,12685,Entergy Mississippi Inc,SRMV
38917,MS,12685,Entergy Mississippi Inc,SRMV
38923,MS,12685,Entergy Mississippi Inc,SRMV
38924,MS,12685,Entergy Mississippi Inc,SRMV
38925,MS,12685,Entergy Mississippi Inc,SRMV
38930,MS,12685,Entergy Mississippi Inc,SRMV
38941,MS,12685,Entergy Mississippi Inc,SRMV
38944,MS,12685,Entergy Mississippi Inc,SRMV
38945,MS,12685,Entergy Mississippi Inc,SRMV
38952,MS,12685,Entergy Mississippi Inc,SRMV
38954,MS,12685,Entergy Mississippi Inc,SRMV
38967,MS,12685,Entergy Mississippi Inc,SRMV
39038,MS,12685,Entergy Mississippi Inc,SRMV
39095,MS,12685,Entergy Mississippi Inc,SRMV
39169,MS,12685,Entergy Mississippi Inc,SRMV
39176,MS,12685,Entergy Mississippi Inc,SRMV
38617,MS,12685,Entergy Mississippi Inc,SRMV
38645,MS,12685,Entergy Mississippi Inc,SRMV
67003,KS,20510,"Wheatland Electric Coop, Inc",SPNO
67018,KS,20510,"Wheatland Electric Coop, Inc",SPNO
67022,KS,20510,"Wheatland Electric Coop, Inc",SPNO
67864,KS,19820,Victory Electric Coop Assn Inc,SPNO
64601,MO,6181,"Farmers Electric Coop, Inc - (MO)",SRMW
50854,IA,9417,Interstate Power and Light Co,MROW
21769,MD,15263,The Potomac Edison Company,RFCW
21795,MD,15263,The Potomac Edison Company,RFCW
21740,MD,15263,The Potomac Edison Company,RFCW
21742,MD,15263,The Potomac Edison Company,RFCW
82901,WY,14354,PacifiCorp,NWPP
82930,WY,14354,PacifiCorp,NWPP
82932,WY,14354,PacifiCorp,NWPP
82933,WY,14354,PacifiCorp,NWPP
82935,WY,14354,PacifiCorp,NWPP
82936,WY,14354,PacifiCorp,NWPP
82937,WY,14354,PacifiCorp,NWPP
82938,WY,14354,PacifiCorp,NWPP
84017,WY,14354,PacifiCorp,NWPP
84078,UT,14354,PacifiCorp,NWPP
84511,UT,14354,PacifiCorp,NWPP
84535,UT,14354,PacifiCorp,NWPP
28702,TN,18642,,
