Utility ID,Subregion,State
19160,SPSO,OK
19160,SPSO,NM
19160,SPSO,CO
19160,SPSO,KS
689,MROW,MN
1036,NYCW,NY
1062,SRSO,FL
1175,RFCW,OH
1024,ERCT,TX
15291,MROW,IA
887,MROW,MN
19160,SPSO,TX
6342,SRMV,AR
13807,SPSO,OK
19785,SPSO,OK
17177,SRMW,MO
6617,SRSO,GA
57483,NEWE,NH
19840,NWPP,NV
19840,NWPP,CA
1170,FRCC,FL
11345,MROW,MN
191,NWPP,NV
229,SRMW,IL
989,SPNO,KS
1046,AZNM,NM
1554,MROW,NE
1647,SRMW,MO
2800,ERCT,TX
4791,SRMW,IA
4792,MROE,MI
5021,NYUP,NY
5334,SPNO,KS
5343,RFCM,MI
5721,AKMS,AK
5794,RFCE,VA
5875,NYUP,NY
5945,SPSO,LA
6472,ERCT,TX
6753,NWPP,AZ
6896,SRMW,MO
6924,SRMW,MO
7318,NWPP,MT
7478,RMPA,CO
7485,MROW,NE
7651,SRMV,MS
7719,RFCE,PA
8432,ERCT,TX
9880,SRMV,LA
10181,SRMW,IA
10243,RFCW,WI
10359,SRMV,TX
10447,SRTV,MS
10776,RFCE,NJ
10892,SRMV,MS
10977,SPNO,MO
11021,NWPP,NV
11346,RMPA,NE
11578,SPSO,OK
12292,SRMW,MO
12523,RFCW,PA
12627,SPNO,MO
12717,RMPA,NE
12817,RFCE,PA
12952,RMPA,NE
13090,MROW,NE
13205,RFCE,PA
13211,AKMS,AK
13603,SRMV,TX
13685,RMPA,NE
13685,RMPA,WY
13749,NWPP,MT
13971,SPNO,MO
13993,SRMW,IL
14103,SRTV,KY
14156,MROW,MI
14176,SPSO,OK
14460,SRMV,AR
14472,RFCE,NJ
14581,RFCM,MI
14648,RFCE,NJ
14829,SPSO,OK
15294,RMPA,WY
15337,SRMV,AR
15943,SPNO,MO
15983,MROE,WI
17312,SRMW,MO
17337,RFCE,PA
17571,RFCE,NJ
17593,MROW,MT
17593,MROW,SD
17802,SPSO,OK
17889,SPSO,LA
18074,MROE,MI
18200,MROE,WI
18224,SPSO,OK
18456,RFCW,PA
18480,AKGD,AK
18806,SRMW,MO
19264,SPSO,TX
19716,SRTV,KY
19719,SPSO,OK
19828,SRMV,LA
19866,SRMV,LA
19975,RFCW,MI
20212,MROW,NE
20337,NYUP,NY
20396,SRMW,IA
20506,RMPA,WY
20512,RMPA,WY
20729,RFCE,MD
20924,MROE,WI
21160,RFCW,PA
30856,SRMV,LA
40223,RFCE,PA
40291,RFCE,PA
56503,AKMS,AK
