Utility number,Utility Name,Subregion,Notes
1769,"Black Hills Electric Coop, Inc",RMPA,
1776,City of Black River Falls,MROW,
1886,Blue Grass Energy Coop Corp,SRTV,
1898,"Bon Homme Yankton El Assn, Inc",MROW,
1997,City of Boscobel - (WI),MROE,
2008,City of Boulder City - (NV),AZNM,
2049,"Bowie-Cass Electric Coop, Inc",SPSO,
2215,"Bridger Valley Elec Assn, Inc",RMPA,
2273,Brodhead Water & Lighting Comm,MROE,
2285,City of Brookings - (SD),MROW,
2354,Brown-Atchison E C A Inc,SPNO,
2641,"Butler Rural El Coop Assn, Inc - (KS)",SPNO,
2650,Borough of Butler - (NJ),RFCE,
2652,Butler County Rural Elec Coop - (IA),MROW,
2655,"Butte Electric Coop, Inc",MROW,
2678,C & L Electric Coop Corp,SRMV,
2911,"Canadian Valley Elec Coop, Inc",SPSO,
2961,"Caney Valley El Coop Assn, Inc",SPNO,
2974,Canton Municipal Utilities,SRMV,
2986,"Cam Wal Electric Coop, Inc",MROW,
3093,Carroll Electric Coop Corp - (AR),SPSO,"Website doesn't say where power comes from, but BA is SWPP and NERC is SPP"
3208,Cedarburg Light & Water Comm,RFCW,
3235,City of Central City,MROW,
3236,"Central Electric Coop, Inc - (SD)",MROW,
3287,"Central Valley Elec Coop, Inc",SPSO,
3291,Central Virginia Electric Coop,RFCW,
3293,Central Wisconsin Elec Coop,MROE,
3315,"Charles Mix Electric Assn, Inc",MROW,
3435,"Cherry-Todd Electric Coop, Inc",MROW,
3436,Cherryland Electric Coop Inc,RFCM,
3478,Cimarron Electric Coop,SPSO,
3495,Chimney Rock Public Power Dist,RMPA,
3527,Choctaw Electric Coop Inc,SPSO,
3600,Citizens Electric Corporation - (MO),SRMW,
3641,"Claiborne Electric Coop, Inc",SRMV,
3647,City of Claremore,SPSO,
3687,Clark Energy Coop Inc - (KY),SRTV,
3701,Clark Electric Coop - (WI),MROW,
3705,Clarksville Light & Water Co,SPSO,
3712,Clay County Electric Coop Corp,SRMV,
3716,Clay-Union Electric Corp,MROW,
3722,Clarke Electric Coop Inc - (IA),MROW,
3806,"Clinton County Elec Coop, Inc",SRMW,
3814,City of Clintonville - (WI),MROE,
3839,Coahoma Electric Power Assn,SRSO,
3850,"Codington-Clark Elec Coop, Inc",MROW,
3881,City of Cody,RMPA,
3931,Coles-Moultrie Electric Coop,SRMW,
4040,Calhoun County Elec Coop Assn,MROW,
4073,City of Columbus - (WI),MROE,
4153,"Concordia Electric Coop, Inc",SRMV,
4280,Conway Corporation,SRMV,
4373,Cornhusker Public Power Dist,MROW,
4401,"Cotton Electric Coop, Inc",SPSO,
4459,Cozad Board of Public Works,MROW,
4471,Craig-Botetourt Electric Coop,SRVC,
4509,Craighead Electric Coop Corp,SRMV,
4607,City of Cuba City,MROE,
4622,"Cumberland Valley Electric, Inc.",SRTV,
4632,Cuming County Public Pwr Dist,MROW,
4704,"DS&O Electric Cooperative, Inc.",SPNO,
4911,Dawson Power District,MROW,
4939,"Deaf Smith Electric Coop, Inc",SPSO,
5175,Dixie Electric Power Assn,SRSO,
5202,Dixie Electric Membership Corp,SRMV,
5328,"Douglas Electric Coop, Inc",MROW,
5429,City of Duncan - (OK),SPSO,
5535,Egyptian Electric Coop Assn,SRMW,
5551,City of Eagle River - (WI),MROE,
5574,East Central Energy,MROW,
5585,Eastern Illinois Elec Coop,SRMW,
5588,East-Central Iowa Rural Elec Coop,MROW,
5661,City of Edmond - (OK),SPSO,
5742,Eldridge City Utilities,MROW,
5777,City of Elkhorn - (WI),RFCW,"Website doesn't say where power comes from, but NERC region is RFC"
5780,Elkhorn Rural Public Pwr Dist,MROW,
5862,"Empire Electric Assn, Inc",RMPA,
5930,Village of Fairport - (NY),NYUP,
5935,Borough of Ephrata - (PA),RFCE,
6019,City of Eudora - (KS),SPNO,
6043,City of Evansville,MROE,
6168,Farmers Electric Coop - (IA),MROW,
6194,Farmers Rural Electric Coop Corp - (KY),SRTV,
6272,"FEM Electric Assn, Inc",MROW,
6390,City of Flandreau,MROW,
6424,Florence Utility Comm,RFCW,
6431,"Flint Hills Rural E C A, Inc",SPNO,
6442,Fleming-Mason Energy Coop Inc,SRTV,
6722,Franklin Rural Electric Coop - (IA),MROW,
6782,Freeborn-Mower Coop Services,MROW,
6803,Town of Front Royal,RFCW,
6941,City of Garden City,SPNO,
6950,Garland Light & Power Company,RMPA,
7149,City of Gering - (NE),MROW,
7222,City of Gillette - (WY),RMPA,City of Gillette owns Neil Simpson Gas Turbine (ORIS 55477) and Wygen III (56596) according to the 860 Owner File. Both plants are RMPA.
7265,City of Gladstone,MROE,
7303,Raccoon Valley Electric Cooperative,MROW,
7411,City of Gothenburg - (NE),MROW,
7456,Graham County Electric Coop Inc,AZNM,
7484,"Grand Electric Coop, Inc",MROW,
7558,Grayson Rural Electric Coop Corp,SRTV,
7750,Guthrie County Rural E C A,MROW,
7787,Gunnison County Elec Assn.,RMPA,
7826,City of Gunnison - (CO),RMPA,
7864,Grundy County Rural Elec Coop,MROW,
7870,H-D Electric Coop Inc,MROW,
8055,City of Hannibal - (MO),SRMW,
8199,City of Harrisonville - (MO),SPNO,
8283,Harrison County Rrl Elec Coop,MROW,
8288,City of Hawarden - (IA),MROW,
8298,Hawkeye Tri-County El Coop Inc,MROW,
8375,City of Hebron - (NE),MROW,
8449,Henderson City Utility Comm,SRTV,
8574,"Jackson Electric Coop, Inc - (WI)",MROW,
8610,City of Hinton,MROW,
8717,City of Holdrege,MROW,
8824,M J M Electric Cooperative Inc,SRMW,
8840,City of Hope,SPSO,
8924,Howard Greeley Rural P P D,MROW,
9124,Hustisford Utilities,MROE,
9217,City of Imperial,MROW,
9246,"Indian Electric Coop, Inc",SPSO,
9292,Inter County Energy Coop Corp,SRTV,
9605,Jackson Purchase Energy Corporation,SRTV,
9664,City of Jasper - (TX),SRMV,
9750,Jo-Carroll Energy Coop Inc,MROW,
9936,Juneau Utility Comm,MROE,
10012,Kay Electric Coop,SPSO,
10019,Kaw Valley Electric Coop Inc,SPNO,
10065,KBR Rural Public Power District,MROW,
10066,K C Electric Association,RMPA,
10370,City of Kirkwood - (MO),SRMW,
10508,Village of L'Anse - (MI),MROE,
10550,McCook Public Power District,MROW,
10558,"LaCreek Electric Assn, Inc",MROW,
10605,Lake Mills Light & Water,RFCW,
10610,"Lake Placid Village, Inc - (NY)",NYUP,
10625,"Lamb County Electric Coop, Inc",SPSO,
10632,"Lake Region Electric Assn, Inc - (SD)",MROW,
10702,Borough of Lansdale,RFCE,
10728,"Lane-Scott Electric Coop, Inc",SPNO,
10801,"Leavenworth-Jefferson E C, Inc",SPNO,
10967,City of Lexington - (NE),MROW,
10982,City of Liberty - (TX),SRMV,
11011,Licking Valley Rural E C C,SRTV,
11125,City of Lodi - (WI),MROE,
11250,Loup Valleys Rural P P D,MROW,
11272,"Lower Yellowstone R E A, Inc",NWPP,
11298,Lyon Rural Electric Coop,MROW,
11364,"Lyntegar Electric Coop, Inc",SPSO,
11475,City of Madison - (SD),MROW,
11476,Borough of Madison - (NJ),RFCE,
11568,Town of Manilla - (IA),MROW,
11788,Consumers Energy,MROW,https://www.consumersenergy.coop/content/power-supply
11811,Town of Massena - (NY),NYUP,
11989,McCone Electric Coop Inc,NWPP,
12243,Meade County Rural E C C,SRTV,
12260,Mecklenburg Electric Cooperative,SRVC,
12265,City of Medford - (WI),MROW,
12298,City of Menasha - (WI),RFCW,
12351,City of Mesa - (AZ),AZNM,
12377,Midwest Energy Cooperative,RFCM,
12395,Menard Electric Coop,SRMW,
12408,City of Miami - (OK),SPSO,
12450,Midland Power Coop,MROW,
12463,"Mid-Yellowstone Elec Coop, Inc",NWPP,
12539,Midwest Electric Member Corp,RMPA,
12580,City of Miller - (SD),MROW,
12626,City of Minden - (NE),MROW,
12642,Maquoketa Valley Rrl Elec Coop,MROW,
12681,Mississippi County Electric Co,SRMV,
12782,City of Monett - (MO),SPNO,
12803,"Monroe County Elec Coop, Inc",SRMW,
12860,Morgan County Rural Elec Assn,RMPA,
12915,Moreau-Grand Electric Coop Inc,MROW,
12919,Morenci Water and Electric,AZNM,
13029,City of Moundridge - (KS),SPNO,
13032,Mt Carmel Public Utility Co,SRMW,
13036,Village of Mt. Horeb - (WI),MROE,
13040,City of Mount Vernon - (MO),SRMW,
13058,"Mountain View Elec Assn, Inc",RMPA,
13073,"Mt Wheeler Power, Inc",NWPP,
13145,Village of Muscoda - (WI),MROE,
13228,City of Natchitoches,SPSO,
13233,City of Neligh - (NE),MROW,
13292,Norris Electric Coop,SRMW,
13352,City of Negaunee,MROE,
13380,City of Neodesha - (KS),SPNO,
13386,"Nemaha-Marshall E C A, Inc",SPNO,
13438,Village of New Glarus - (WI),MROE,
13448,City of New Holstein - (WI),MROE,
13467,New London Electric&Water Util,RFCW,
13481,City of New Richmond,MROW,
13570,Ninnescah Rural E C A Inc,SPNO,
13604,City of Niles - (MI),RFCW,
13610,Niobrara Valley El Member Corp,MROW,
13651,Nolin Rural Electric Coop Corp,SRTV,
13675,Nishnabotna Valley R E C,MROW,
13676,"North Arkansas Elec Coop, Inc",SRMV,
13725,City of North Platte,MROW,
13734,Northeast Oklahoma Electric Co,SPSO,
13739,Northeast Power,MROW,
13750,"Northern Electric Coop, Inc",MROW,
13762,"Northern Neck Elec Coop, Inc",SRVC,
13783,Northeast Louisiana Power Coop Inc.,SRMV,
13805,Northwest Rural Pub Pwr Dist,RMPA,
13838,"Northfork Electric Coop, Inc",SPSO,
13853,Oahe Electric Coop Inc,MROW,
13963,Oconomowoc Utilities,RFCW,
13965,Oconto Falls Water & Light Comm,RFCW,
14062,Oklahoma Electric Coop Inc,SPSO,
14132,City of Onawa - (IA),MROW,
14159,City of Orange City - (IA),MROW,
14245,Overton Power District No 5,AZNM,
14251,Owen Electric Coop Inc,SRTV,
14373,Page Utility Enterprises,AZNM,
14424,"Panola-Harrison Elec Coop, Inc",SPSO,
14426,Panhandle Rural El Member Assn,RMPA,
14563,Pearl River Valley El Pwr Assn,SRSO,
14775,People's Electric Cooperative,SPSO,
14864,Petit Jean Electric Coop Corp,SRMV,
14867,City of Petoskey - (MI),RFCM,
15034,Pierce-Pepin Coop Services,MROW,
15039,City of Pierce - (NE),MROW,
15040,City of Pierre - (SD),MROW,
15045,Pike County Light & Power Co,NYUP,"Service area map says all power delivered by Orange and Rockland (NYUP). But utility was sold in 2016 so, its electricity supply might change in next PP. http://pclpeg.com/about-pclp/service-areas/"
15048,Electrical Dist No2 Pinal County,AZNM,
15049,Electrical Dist No4 Pinal County,AZNM,
15086,Pioneer Power and Light Co,MROE,
15145,City of Plattsburgh - (NY),NYUP,
15159,City of Plymouth - (WI),RFCW,
15175,Pointe Coupee Elec Member Corp,SRMV,
15188,Polk County Rural Pub Pwr Dist,MROW,
15311,Prague Public Works Authority,SPSO,
15312,Village of Prairie Du Sac - (WI),MROE,
15344,Polk-Burnett Electric Coop,MROW,
15356,Price Electric Coop Inc,MROW,
15410,Prince George Electric Coop,SRVC,
15462,City of Pryor - (OK),SPSO,
15541,Borough of Quakertown - (PA),RFCE,
15621,"Radiant Electric Coop, Inc",SPNO,
15746,Red River Valley Rrl Elec Assn,SPSO,
15804,Reedsburg Utility Comm,MROE,
15811,"Rich Mountain Elec Coop, Inc",SRMV,
15846,City of Remsen - (IA),MROW,
15938,Rice Lake Utilities,MROW,
15978,City of Richland Center - (WI),MROW,
16060,Riverland Energy Cooperative,MROW,
16082,City of River Falls,MROW,
16101,Roanoke Electric Member Corp,SRVC,
16164,Roosevelt Public Power Dist,MROW,
16196,Rock Energy Cooperative,MROE,
16213,Rockland Electric Co,NYUP,
16267,Rolling Hills Electric Coop,SPNO,
16286,Rosebud Electric Coop Inc,MROW,
16325,Village of Rouses Point - (NY),NYUP,
16382,"Rural Electric Coop, Inc",SPSO,
16420,Rural Electric Conven Coop,SRMW,
16461,"Rusk County Electric Coop, Inc",SPSO,
16463,City of Ruston - (LA),SRMV,
16549,City of Salamanca - (NY),NYUP,
16561,City of Sallisaw - (OK),SPSO,
16587,Salt River Electric Coop Corp,SRTV,
16603,"San Luis Valley R E C, Inc",RMPA,
16628,City of Sanborn - (IA),MROW,
16649,Sangre De Cristo Elec Assn Inc,RMPA,
16759,"Sheridan Electric Coop, Inc",NWPP,
16778,City of Schuyler - (NE),MROW,
16854,"Heartland Rural Elec Coop, Inc",SPNO,
16920,Sedgwick County El Coop Assn Inc,SPNO,
16922,City of Seneca - (KS),SPNO,
16932,City of Sergeant Bluff - (IA),MROW,
16953,City of Seward - (NE),MROW,
16954,Seward County Rrl Pub Pwr Dist,MROW,
17011,Shawano Municipal Utilities,RFCW,
17028,City of Sheboygan Falls - (WI),MROE,
17040,"Shelby Electric Coop, Inc",SRMW,
17044,"Shelby Energy Co-op, Inc",SRTV,
17184,City of Siloam Springs - (AR),SPSO,
17252,Singing River Elec Pwr Assn,SRSO,
17260,North West Rural Electric Coop,MROW,
17264,City of Sioux Center,MROW,
17265,City of Sioux Falls - (SD),MROW,
17324,Slinger Utilities,RFCW,
17512,Village of Solvay - (NY),NYUP,
17540,"South Central Ark El Coop, Inc",SRMV,
17548,South Central Public Pwr Dist,MROW,
17562,City of South Haven - (MI),RFCW,
17564,South Kentucky Rural E C C,SRTV,
17565,South Louisiana Elec Coop Assn,SRMV,
17577,City of South Sioux City,MROW,
17603,Southeastern Electric Coop Inc - (OK),SPSO,
17631,Southern Illinois Elec Coop,SRMW,
17642,Southern Public Power District,MROW,
17671,Southwest Arkansas E C C,SRMV,
17681,Southwest Rural Elec Assn Inc,SPSO,
17683,Southwest Mississippi E P A,SRSO,
17684,Southwest Louisiana E M C,SRMV,
17860,City of St Charles - (IL),RFCW,Buys power from Commonwealth Edison (RFCW). https://www.stcharlesil.gov/departments/public-works/electric
17899,City of St Paul - (NE),MROW,
17979,Stanton County Public Pwr Dist,MROW,
18102,"Steuben Rural Elec Coop, Inc",NYUP,
18126,City of Stilwell - (OK),SPSO,
18181,City of Stoughton - (WI),MROE,
18199,"Swisher Electric Coop, Inc",SPSO,
18249,City of Sturgeon Bay - (WI),MROE,
18312,Sun Prairie Utilities,MROE,
18316,"Sumner-Cowley Elec Coop, Inc",SPNO,
18330,City of Superior - (NE),MROW,
18336,Superior Water and Light Co,MROW,
18408,City of Syracuse - (NE),MROW,
18433,Tahlequah Public Works Authority,SPSO,
18446,T I P Rural Electric Coop,MROW,
18955,"Tri-County Electric Coop, Inc",SRMW,
18961,Twin County Electric Pwr Assn,SRSO,
18962,Twin Valley Electric Coop Inc,SPNO,
19060,"Traverse Electric Coop, Inc",MROW,
19125,City of Traverse City - (MI),RFCM,
19189,Trico Electric Cooperative Inc,AZNM,
19229,Truckee Donner P U D,NWPP,
19293,Southeastern Electric Coop Inc - (SD),MROW,
19324,Two Rivers Water & Light,MROE,
19396,Tri-County Electric Coop,RFCM,
19437,Western Iowa Power Coop,MROW,
19493,Union County Electric Coop Inc,MROW,
19579,Upshur Rural Elec Coop Corp,SPSO,
19788,City of Vermillion - (SD),MROW,
19896,City of Volga - (SD),MROW,
20163,Wagoner Public Works Authority,SPSO,
20182,Waterloo Light & Water Comm,RFCW,
20187,Watertown Municipal Utilities,MROW,
20211,Village of Waunakee - (WI),MROE,
20222,Wayne-White Counties Elec Coop,SRMW,
20332,Wells Rural Electric Co,NWPP,
20334,Wellsborough Electric Co,RFCE,
20368,West Central Electric Coop Inc - (SD),MROW,
20401,West River Electric Assn Inc,MROW,
20422,Whetstone Valley Elec Coop Inc,MROW,
20434,City of Westby,MROW,
20476,Western Coop Electric Assn Inc,SPNO,
20509,Wheat Belt Public Power Dist,RMPA,
20576,"White River Electric Assn, Inc",RMPA,
20583,Whitehall Electric Utility,MROW,
20823,Winner Municipal Utility,MROW,
20862,Wisconsin Rapids W W & L Comm,MROE,
20927,"Wood County Electric Coop, Inc",SPSO,
20951,Woodbury County Rural E C A,MROW,
20963,Woodruff Electric Coop Corp,SRMV,
20997,Yellowstone Valley Elec Co-op,NWPP,
21075,Y-W Electric Assn Inc,RMPA,
21079,Wyrulec Company,RMPA,
21111,Perennial Public Power Dist,MROW,
21513,"Fergus Electric Coop, Inc",NWPP,
21567,"Washington-St Tammany E C, Inc",SRMV,
22690,Roosevelt County Elec Coop Inc,SPSO,
22815,Delta Electric Power Assn,SRSO,
23826,Bluestem Electric Coop Inc,SPNO,
25060,Wellton-Mohawk Irr & Drain Dist,AZNM,
26765,Pella Cooperative Elec Assn,MROW,
27058,"High West Energy, Inc",RMPA,
40036,Westfield Electric Company,MROE,
40208,"Ark Valley Elec Coop Assn, Inc",SPNO,
40219,"United Electric Coop, Inc - (PA)",RFCE,
40220,Adams Electric Cooperative Inc,RFCE,
40221,"Bedford Rural Elec Coop, Inc",RFCE,
40222,Valley Rural Electric Coop Inc,RFCE,
40224,"Central Electric Coop, Inc - (PA)",RFCE,
40289,Claverack Rural Elec Coop Inc,RFCE,
40290,Tri-County Rural Elec Coop Inc,RFCE,
40292,REA Energy Coop Inc,RFCE,
40293,"Northwestern Rural E C A, Inc - (PA)",RFCE,
40299,Sussex Rural Electric Coop Inc,RFCE,
49986,Southwest Iowa Rural Elec Coop,MROW,
59,City of Abbeville - (LA),SPSO,
108,Adams-Columbia Electric Coop,MROE,
240,Albemarle Electric Member Corp,SRVC,
296,"Alfalfa Electric Coop, Inc",SPSO,
305,Alger-Delta Coop Electric Assn,MROE,
307,Algoma Utility Comm,MROE,
329,"Allamakee-Clayton El Coop, Inc",MROW,
367,City of Alliance- (NE),RMPA,
416,City of Altus - (OK),SPSO,
471,Amana Society Service Co,MROW,
1062,BARC Electric Coop Inc,SRVC,
1169,Bailey County Elec Coop Assn,SPSO,
1181,Village of Bangor - (WI),MROW,
1196,Village of Baraga - (MI),MROE,
1251,Barron Electric Coop,MROW,
1325,City of Batavia - (IL),RFCW,"Website doesn't say where power comes from, but NERC region is RFC"
1367,"Bayfield Electric Coop, Inc",MROW,
1427,City of Beatrice - (NE),MROW,
1458,"Beauregard Electric Coop, Inc",SRMV,
1581,City of Benton - (AR),SRMV,
1586,City of Bentonville - (AR),SPSO,
1601,City of Beresford,MROW,
1675,Big Horn Rural Electric Co,RMPA,
1708,Big Sandy Rural Elec Coop Corp,SRTV,
1764,Black Diamond Power Co,RFCW,
12625,City of Minden - (LA),SRMV,
3940,City of College Station - (TX),ERCT,Based on 2019 Power Profiler
7450,Grady Electric Membership Corp,SRSO,Based on 2019 Power Profiler
16057,"Rio Grande Electric Coop, Inc",ERCT,Based on 2019 Power Profiler
21081,Yampa Valley Electric Assn Inc,RMPA,Based on 2019 Power Profiler
7563,Grand Valley Power,RMPA,Based on 2019 Power Profiler
6784,French Broad Elec Member Corp,SRVC,Based on 2020 Power Profiler
