zip,eiaid,utility_name
04013,3266,Central Maine Power Co
04570,3266,Central Maine Power Co
04645,1179,Versant Power
04650,1179,Versant Power
04737,1091,BHE Holdings Inc [Emera Inc]
04741,1091,BHE Holdings Inc [Emera Inc]
04852,60570,Matinicus Plantation Electric Co
49757,38084,Great Lakes Energy Coop
49775,392,Alpena Power Co
58707,19790,Verendrye Electric Coop Inc
83802,20169,Avista Corp
97010,15248,Portland General Electric Co
97050,15248,Portland General Electric Co
97482,5327,Douglas Electric Coop - (OR)
99549,3421,City of Chignik - (AK)
99551,10433,Kodiak Electric Assn Inc
99555,221,"Alaska Village Elec Coop, Inc"
99564,221,"Alaska Village Elec Coop, Inc"
99565,221,"Alaska Village Elec Coop, Inc"
99569,62138,G & K Inc
99607,9188,"I-N-N Electric Coop, Inc"
99614,62380,Naknek Electric Association Inc
99626,9188,"I-N-N Electric Coop, Inc"
99649,62387,Native Village Perryville
99671,62380,Naknek Electric Association Inc
99679,13870,"Nushagak Electric Coop, Inc"
99681,1651,Bethel Utilities Corp
99691,63336,Tuntutuliak Commission Service Association
99722,62456,North Slope Borough
99734,9416,Ipnatchiaq Electric Company
99746,221,"Alaska Village Elec Coop, Inc"
99768,60821,Alaska Village Electric Coop Inc
99774,60821,Alaska Village Electric Coop Inc
99781,219,Alaska Power and Telephone Co
99788,60821,Alaska Village Electric Coop Inc
