Year,ORIS Code,Facility Name,State,Notes
2021,127,Oklaunion Power Station,TX,"Added in 2021: in LTCS, not in 860 or 923"
2016,478,Zuni,CO,"These plants do not connect to the grid, we are making any heat input and emissions null"
2021,764,Honolulu Generating Station,HI,Retired
2020,1552,C P Crane,MD,Retired in 2019 and not in EIA data at all
2016,1594,Blackstone,MA,"These plants do not connect to the grid, we are making any heat input and emissions null"
2016,2440,AbiBow US Inc. - Catawba Operations,SC,"These plants do not connect to the grid, we are making any heat input and emissions null"
2020,2535,"Cayuga Operating Company, LLC",NY,Retired in 2019 and not in EIA data at all
2018,2549,Huntley Power,NY,"These plants do not connect to the grid, we are making any heat input and emissions null"
2021,2837,Eastlake,OH,"These plants do not connect to the grid, we are making any heat input and emissions null"
2020,3344,Huron,SD,Not operating since 2019
2022,3946,Willow Island Power Station,WV,"Added in 2022: in LTCS, not in 860 or 923"
2021,6082,Somerset Operating Company  (Kintigh),NY,Added in 2021; closed in 2020 not in 860 or 923
2021,6094,Bruce Mansfield,PA,Added in 2021; retired and not in 860 or 923
2021,6106,Boardman,OR,Added in 2021; retired and not in 860 or 923
2020,6136,Gibbons Creek Steam Electric Station,TX,Retired in 2019 and not in EIA data at all
2023,6776,West Station,NJ,Retired
2018,10071,Virginia Renewable Power-Portsmouth LLC,VA,"These plants do not connect to the grid, we are making any heat input and emissions null"
2016,10111,DTE Pontiac North LLC,MI,"These plants do not connect to the grid, we are making any heat input and emissions null"
2021,10350,Greenleaf One,CA,Not operating in 2021
2016,10381,Coastal Carolina Clean Power LLC,NC,"These plants do not connect to the grid, we are making any heat input and emissions null"
2020,10384,"Edgecombe Genco, LLC",NC,Retired in 2019 and not in EIA data at all
2016,10675,AES Thames,CT,"These plants do not connect to the grid, we are making any heat input and emissions null"
2023,10698,"Graphic Packaging International, Inc.",MI,Retired
2016,10788,Chemours Belle Plant,WV,"These plants do not connect to the grid, we are making any heat input and emissions null"
2016,50044,The Ohio State University,OH,"These plants do not connect to the grid, we are making any heat input and emissions null"
2021,50137,New Gulf Power Facility,TX,Retired
2016,50151,UCC South Charleston Plant,WV,"These plants do not connect to the grid, we are making any heat input and emissions null"
2018,50202,"Niagara Generation, LLC",NY,"These plants do not connect to the grid, we are making any heat input and emissions null"
2016,50247,Smart Papers LLC,OH,"These plants do not connect to the grid, we are making any heat input and emissions null"
2020,50282,Luke Paper Company,MD,Retired in 2019 and not in EIA data at all
2016,50607,Veolia Energy Philadelphia - Schuylkill,PA,"These plants do not connect to the grid, we are making any heat input and emissions null"
2023,50852,Elmwood Power LLC,NJ,Retired
2021,50976,"Indiantown Cogeneration, LP",FL,Added in 2021; retired in 2020 and 0 in 923
2020,52106,Philadelphia Refinery,PA,Partially retired in 2019 and partially not connected to the grid. Not in EIA at all
2018,54035,Roanoke Valley Energy Facility I,NC,"These plants do not connect to the grid, we are making any heat input and emissions null"
2016,54571,North East Cogeneration Plant,PA,"These plants do not connect to the grid, we are making any heat input and emissions null"
2018,54755,Roanoke Valley Energy Facility II,NC,"These plants do not connect to the grid, we are making any heat input and emissions null"
2018,55098,Frontera Generation Facility,TX,"These plants do not connect to the grid, we are making any heat input and emissions null"
2016,55422,Desoto County Energy Park,FL,"These plants do not connect to the grid, we are making any heat input and emissions null"
2016,55703,"Valero Refining Company-Tennessee, LLC",TN,"These plants do not connect to the grid, we are making any heat input and emissions null"
2020,55833,Auburndale Peaker Energy Center,FL,LTCS in 2019 and not in EIA data at all
2021,59073,Cove Point LNG Terminal,MD,"These plants do not connect to the grid, we are making any heat input and emissions null"
2024,2050,Baxter Wilson,MS,Retired and demolished
2024,50359,Sloss Industries Corp,AL,"Retired in EIA-860, OS in EIA-923, no data"
2024,10464,ReEnergy Black River,NY,"Retired in EIA-860, all 0 in EIA-923, says retired via Google search"
2024,50956,Resolute Forest Products - Calhoun Ops,TN,"Retired in 2022 in EIA-860, not in EIA-923, only in CAPD with 0 data"
2024,7902,H W Pirkey Power Plant,TX,"Retired in 2022 in EIA-860, not in EIA-923, only in CAPD with 0 data"
