year,facility_name,plant_id,unit_id,primary_fuel_type,prime_mover,notes,fuel_code,botfirty
2023,Clevelandcliffs Warren,54207,1,OG,ST,Coke Oven Gas,COG,
2023,Signal Hill West Unit,57702,1,OG,GT,A combination of produced oilfield gas and gas purchased from a utility pipeline.,PRG,
2023,Clevelandcliffs Warren,54207,2,OG,ST,Coke Oven Gas,COG,
2023,Eastman Chemical Company,50481,253-25,OG,ST,"OTH is chemical waste, OG is waste gas, Units for OTH should be Tons",PRG,
2023,Eastman Chemical Company,50481,253-26,OG,ST,"OTH is chemical waste, OG is waste gas, Units for OTH should be Tons",PRG,
2023,Eastman Chemical Company,50481,253-27,OG,ST,"OTH is chemical waste, OG is waste gas, Units for OTH should be Tons",PRG,
2023,Eastman Chemical Company,50481,253-28,OG,ST,"OTH is chemical waste, OG is waste gas, Units for OTH should be Tons",PRG,
2023,Eastman Chemical Company,50481,253-29,OG,ST,"OTH is chemical waste, OG is waste gas, Units for OTH should be Tons",PRG,
2023,Clevelandcliffs Warren,54207,3,OG,ST,Coke Oven Gas,COG,
2023,Phillips 66 Billings Refinery,56496,3701,OG,ST,Refinery produced fuel gas,PRG,
2023,CITGO Refinery Powerhouse,52175,B1A,OG,ST,Treated Refinery Fuel Gas,PRG,
2023,CITGO Refinery Powerhouse,52175,B1B,OG,ST,Treated Refinery Fuel Gas,PRG,
2023,CITGO Refinery Powerhouse,52175,B1C,OG,ST,Treated Refinery Fuel Gas,PRG,
2023,CITGO Refinery Powerhouse,52175,B1D,OG,ST,Treated Refinery Fuel Gas,PRG,
2023,CITGO Refinery Powerhouse,52175,B1E,OG,ST,Treated Refinery Fuel Gas,PRG,
2023,US Steel (Clairton Coke),50729,CLBLR1,OG,ST,OG is coke oven gas,COG,
2023,US Steel (Clairton Coke),50729,CLBLR2,OG,ST,OG is coke oven gas,COG,
2023,Los Angeles Refinery Wilmington,54451,G2,OG,GT,OG is produced refinery gases which are fed to the COGEN.,PRG,
2023,Tesoro Mandan Cogeneration Plant,52133,GEN1,OG,ST,OG is sweet refinery fuel gas,PRG,
2023,Tesoro Mandan Cogeneration Plant,52133,GEN2,OG,ST,OG is sweet refinery fuel gas,PRG,
2023,Tesoro Mandan Cogeneration Plant,52133,GEN3,OG,ST,OG is sweet refinery fuel gas,PRG,
2023,Plant No 2 Orange County,52099,GEN6,OTH,ST,WH; Sludge Digester Gas,SLW,
2023,Phillips 66 Rodeo Refinery,50119,GENA,OG,GT,Still Gas generated during the refinery process.,PRG,
2023,Phillips 66 Rodeo Refinery,50119,GENB,OG,GT,Still Gas generated during the refinery process.,PRG,
2023,Phillips 66 Rodeo Refinery,50119,GENC,OG,GT,Still Gas generated during the refinery process.,PRG,
2023,"Torrance Refining Company, LLC",50624,GTG1,OG,GT,OG is a mixture of refinery produced offgas and natural gas,PRG,
2023,Equilon Los Angeles Refining,50530,H43,OG,ST,"OG: Fuel gas is a mixture of refinery gas, OG Fuel is a mixture of refinery gas",PRG,
2023,"Middletown Coke Company, LLC",57822,HRSG1,OG,ST,coke oven gas,COG,
2023,Haverhill North Cogeneration Facility,56848,HRSG10,OG,ST,Coke Oven Gas,COG,
2023,Haverhill North Cogeneration Facility,56848,HRSG11,OG,ST,Coke Oven Gas,COG,
2023,"Middletown Coke Company, LLC",57822,HRSG2,OG,ST,coke oven gas,COG,
2023,"Middletown Coke Company, LLC",57822,HRSG3,OG,ST,coke oven gas,COG,
2023,"Middletown Coke Company, LLC",57822,HRSG4,OG,ST,coke oven gas,COG,
2023,"Middletown Coke Company, LLC",57822,HRSG5,OG,ST,coke oven gas,COG,
2023,Haverhill North Cogeneration Facility,56848,HRSG6,OG,ST,Coke Oven Gas,COG,
2023,Haverhill North Cogeneration Facility,56848,HRSG7,OG,ST,Coke Oven Gas,COG,
2023,Haverhill North Cogeneration Facility,56848,HRSG8,OG,ST,Coke Oven Gas,COG,
2023,Haverhill North Cogeneration Facility,56848,HRSG9,OG,ST,Coke Oven Gas,COG,
2023,Delaware City Refinery,52193,MECCU1,OG,CT,OG is Refinery fuelgas made as byproduct of processing crude oil,PRG,
2023,Delaware City Refinery,52193,MECCU2,OG,CT,OG is Refinery fuelgas made as byproduct of processing crude oil,PRG,
2023,Formosa Utility Venture Ltd,10554,THB-10,OG,CA,OG: Hydrogen Gas,H2,
2023,Formosa Utility Venture Ltd,10554,THB-20,OG,CA,OG: Hydrogen Gas,H2,
2023,Formosa Utility Venture Ltd,10554,THB-40,OG,CA,OG: Hydrogen Gas,H2,
2023,Formosa Utility Venture Ltd,10554,THB-50,OG,CA,OG: Hydrogen Gas,H2,
2023,Engineered Carbons Borger Cogen,10072,WHBOIL,OG,ST,OG is Off Gas,PRG,
2024,Engineered Carbons Borger Cogen,10072,WHBOIL,OG,ST,OG is Off Gas ,PRG,
2024,ArcelorMittal Burns Harbor,10245,10,OG,ST,OG is Coke Oven Gas ,COG,
2024,ArcelorMittal Burns Harbor,10245,11,OG,ST,OG is Coke Oven Gas ,COG,
2024,ArcelorMittal Burns Harbor,10245,12,OG,ST,OG is Coke Oven Gas ,COG,
2024,Formosa Utility Venture Ltd,10554,THB-10,OG,CA,OG: Hydrogen Gas OG: Hydrogen Gas,H,
2024,Formosa Utility Venture Ltd,10554,THB-20,OG,CA,OG: Hydrogen Gas OG: Hydrogen Gas,H,
2024,Formosa Utility Venture Ltd,10554,THB-30,OG,CA,OG: Hydrogen Gas OG: Hydrogen Gas,H,
2024,Formosa Utility Venture Ltd,10554,THB-40,OG,CA,OG: Hydrogen Gas OG: Hydrogen Gas,H,
2024,Formosa Utility Venture Ltd,10554,THB-50,OG,CA,OG: Hydrogen Gas OG: Hydrogen Gas,H,
2024,Valero Refinery Corpus Christi West,50121,HOC,OG,ST,Off Gas is produced in Valero for Valero use. ,PRG,
2024,Eastman Chemical Company,50481,253-25,OG,ST,"OTH is chemical waste, OG is waste gas, Units for OTH should be tons",PRG,
2024,Eastman Chemical Company,50481,253-26,OG,ST,"OTH is chemical waste, OG is waste gas, Units for OTH should be tons",PRG,
2024,Eastman Chemical Company,50481,253-27,OG,ST,"OTH is chemical waste, OG is waste gas, Units for OTH should be tons",PRG,
2024,Eastman Chemical Company,50481,253-28,OG,ST,"OTH is chemical waste, OG is waste gas, Units for OTH should be tons",PRG,
2024,Eastman Chemical Company,50481,253-29,OG,ST,"OTH is chemical waste, OG is waste gas, Units for OTH should be tons",PRG,
2024,Equilon Los Angeles Refining,50530,GEN1,OG,GT,OG: Fuel gas is a mixture of refinery gas,PRG,
2024,Equilon Los Angeles Refining,50530,GEN2,OG,GT,OG: Fuel gas is a mixture of refinery gas,PRG,
2024,Equilon Los Angeles Refining,50530,H43,OG,ST,OG: Fuel gas is a mixture of refinery gas,PRG,
2024,US Steel (Clairton Coke),50729,CLBLR1,OG,ST,OG is coke oven gas ,COG,
2024,US Steel (Clairton Coke),50729,CLBLR2,OG,ST,OG is coke oven gas ,COG,
2024,Plant No 2 Orange County,52099,GEN6,OTH,ST,WH Sludge Digester Gas,SLW,
2024,Tesoro Mandan Cogeneration Plant,52133,GEN1,OG,ST,OG is sweet refinery fuel gas ,PRG,
2024,Tesoro Mandan Cogeneration Plant,52133,GEN2,OG,ST,OG is sweet refinery fuel gas ,PRG,
2024,Tesoro Mandan Cogeneration Plant,52133,GEN3,OG,ST,OG is sweet refinery fuel gas ,PRG,
2024,CITGO Refinery Powerhouse,52175,B1A,OG,ST,Treated Refinery Fuel Gas ,PRG,
2024,CITGO Refinery Powerhouse,52175,B1B,OG,ST,Treated Refinery Fuel Gas ,PRG,
2024,CITGO Refinery Powerhouse,52175,B1C,OG,ST,Treated Refinery Fuel Gas ,PRG,
2024,CITGO Refinery Powerhouse,52175,B1D,OG,ST,Treated Refinery Fuel Gas ,PRG,
2024,CITGO Refinery Powerhouse,52175,B1E,OG,ST,Treated Refinery Fuel Gas ,PRG,
2024,Delaware City Refinery,52193,21H1,OG,ST,OG is Refinery fuelgas made as byproduct of processing crude oil ,PRG,
2024,Delaware City Refinery,52193,21H701,OG,ST,OG is Refinery fuelgas made as byproduct of processing crude oil ,PRG,
2024,Delaware City Refinery,52193,37H1,OG,ST,OG is Refinery fuelgas made as byproduct of processing crude oil ,PRG,
2024,Delaware City Refinery,52193,42H123,OG,ST,OG is Refinery fuelgas made as byproduct of processing crude oil ,PRG,
2024,Delaware City Refinery,52193,MECCU1,OG,GT,OG is Refinery fuelgas made as byproduct of processing crude oil ,PRG,
2024,Delaware City Refinery,52193,MECCU2,OG,GT,OG is Refinery fuelgas made as byproduct of processing crude oil ,PRG,
2024,Clevelandcliffs Warren,54207,1,OG,ST,OG: Coke Oven Gas ,COG,
2024,Clevelandcliffs Warren,54207,3,OG,ST,OG: Coke Oven Gas ,COG,
2024,ABC Coke,56076,1,OG,ST,Coke Oven Gas ,COG,
2024,Phillips 66 Billings Refinery,56496,3701,OG,ST,Refinery produced fuel gas ,PRG,
2024,Haverhill North Cogeneration Facility,56848,HRSG10,OG,ST,Coke Oven Gas ,COG,
2024,Haverhill North Cogeneration Facility,56848,HRSG11,OG,ST,Coke Oven Gas ,COG,
2024,Haverhill North Cogeneration Facility,56848,HRSG6,OG,ST,Coke Oven Gas ,COG,
2024,Haverhill North Cogeneration Facility,56848,HRSG7,OG,ST,Coke Oven Gas ,COG,
2024,Haverhill North Cogeneration Facility,56848,HRSG8,OG,ST,Coke Oven Gas ,COG,
2024,Haverhill North Cogeneration Facility,56848,HRSG9,OG,ST,Coke Oven Gas ,COG,
2024,"Middletown Coke Company, LLC",57822,HRSG1,OG,ST,coke oven gas ,COG,
2024,"Middletown Coke Company, LLC",57822,HRSG2,OG,ST,coke oven gas ,COG,
2024,"Middletown Coke Company, LLC",57822,HRSG3,OG,ST,coke oven gas ,COG,
2024,"Middletown Coke Company, LLC",57822,HRSG4,OG,ST,coke oven gas ,COG,
2024,"Middletown Coke Company, LLC",57822,HRSG5,OG,ST,coke oven gas ,COG,
2024,Phillips 66 Rodeo Refinery,50119,GENA,OG,GT,Still Gas generated during the refinery process.,PRG,
2024,Phillips 66 Rodeo Refinery,50119,GENB,OG,GT,Still Gas generated during the refinery process.,PRG,
2024,Phillips 66 Rodeo Refinery,50119,GENC,OG,GT,Still Gas generated during the refinery process.,PRG,
2024,"Torrance Refining Company, LLC",50624,GTG1,OG,GT,OG is a mixture of refinery produced offgas and natural gas,PRG,
2024,Los Angeles Refinery Wilmington,54451,G2,OG,GT,OG is produced refinery gases which are fed to the COGEN.,PRG,
2024,Signal Hill West Unit,57702,1,OG,GT,A combination of produced oilfield gas and gas purchased from a utility pipeline.,PRG,
